title,review_text,username,date
Pixar has created a masterpiece of cinema,"I'm no critic, but Coco is close to movie perfection. It definitely deserved the Oscar for Best Animated Feature, no doubt, and is by far the best animated movie ever created. The visuals are stunning, the characters are fantastic, the twist is somewhat predictable but still great, and the story is so touching. This is the best film I have ever seen, over Shawshank, over The Godfather, over The Matrix; this film is a godlike creation from the very, very best of cinema. Do not be fooled by the haters who say it is a poor portrayal of a tradition; the tradition is likely far more beautiful in Coco than in real life. Fantastic, I am blown away.",Vuraxis,2018-05-03
A Charming Depiction of a Beautiful Spanish-Language Tradition,"Coco tells the story of young boy named Miguel living in Mexico (Coco is his great grandmother). Miguel loves music and must keep his love a secret from his family who has forbidden music of any kind since the days of his great great grandmother. On Día de Muertos, Miguel wants to enter a contest to showcase his musical talent, but his grandmother intervenes, reiterating the family's ban on music. 

In his hunt for a suitable guitar to play, Miguel finds himself in the land of dead, meeting the spirits of those who have passed on. On his adventure he meets his musical hero, much of his deceased family, and a strange man who asks for his help and quickly becomes a close friend. Along the way, Miguel helps his new friend and his friend helps him understand the true significance of Día de Muertos. 

Of course, the title character (Coco) turns out to play a vital role before the movie is over. When the moment arrives, she delivers something powerful, and it's beautiful. It moved me in a very satisfying way that felt well-earned and authentic, rather than manipulative, the way many movie moments of this sort feel. 

Quick sidebar: when I took Spanish in high school, my teachers would occasionally incorporate culture from Spanish-speaking countries (usually Mexico) into the lessons. In some of these lessons, I learned about Día de Muertos. Sort of. I'm not sure if the lessons were lacking or if I just wasn't paying much attention to them. Regardless, I learned more about Día de Muertos from Coco than I did in four years of high school Spanish classes. 

In high school, my understanding of Día de Muertos was that it was basically a Mexican Halloween. They raised spirits from the dead and played music or something, as I understood it. It seemed silly to me. After watching Coco I realized that the tradition is anything but silly. 

It's not about the dressing up or the food or the music. It's about family and remembering those that came before us. Leave it to Pixar to not only entertain me, but also educate me about a rich and wonderful tradition of another culture. Bravo!",Jared_Andrews,
A Pure Delight!,"Pixar has done it AGAIN! 'Coco' is a yet another delightful ride from the prolific animation studio, who's winning streak seems to never end. And that's good for all, since 'Coco' is all heart & soul, rewarding the moviegoer wholeheartedly.

'Coco' Synopsis: Aspiring musician Miguel, confronted with his family's ancestral ban on music, enters the Land of the Dead to find his great-great-grandfather, a legendary singer.

'Coco' captures the themes of Life & Death, with genuine feeling. Themes of family, passion, defeat & redemption also are explored here, but with humor & real emotion. While I laughed for a good share of this winning story, I also found myself weeping in the film's final-act. This is a true fantasy-adventure, that gives life & death true meaning.

 
Adrian Molina & Matthew Aldrich's Screenplay is excellent. Lee Unkrich's Direction is colorful. And of course, the Animation is extraordinary. 'Coco' unfolds gorgeously & not for a second, does the pace drop.

Vocal-Performances are top-notch! Anthony Gonzalez as Miguel, the protagonist, is a joy, Gael García Bernal s Héctor Rivera, a charming trickster in the Land of the Dead, Benjamin Bratt as Ernesto de la Cruz, the most famous musician in the history of Mexico and Miguel's idol & Ana Ofelia Murguía as Mamá Socorro ""Coco"" Rivera, Miguel's great-grandmother, stand out. And yes, this is a Film made in America about Mexicans & their tradition. Take That, Mr. President!

On the whole, 'Coco' deserves all your time & money. Don't Miss It. Oscars, are you ready?",namashi_1,
Gracias Pixar,"Im Mexican and all i can say is Thanks you Pizax,I just saw this movie and i just remembered all my childhood with my grandparents, Mexico was represented beautifully,the music, the colors. This movie touched me in my soul and i cried a lot, i created an account just to say how good pixar made everything, again gracias pixar por tan hermosa pelicula.",mryohual,
Shocked!,"I knew absolutely nothing about this movie walking in, the only reason I was there was to take my daughter to see it is strictly because my wife said there was a short Frozen film that played along with the movie and my daughter just so happens to be the biggest Frozen fan on the face of the planet.

Not only was I surprised by Coco, it might be the most in depth best story line I've ever seen in an animated movie. It was also educational and shed an entirely new light on the background of the Mexican holiday Dia De Los Muertos.

Wonderful movie, can't say enough good things about it!",jon-stokes21-539-17875,
Coco is the number one Pixar cartoon I've seen so far,"There are no shortcomings in the picture, connotation and plot of animation, each of which touches the hearts of the people. The animation of ""death is not the end, forgotten is"", let us move, don't forget our dead relatives.",h-42927-48851,
I cried twice watching this.,"I have always been a fan of Pixar. They are really good at what they do. These guys set the bar for quality animated movies. Back then, animated movies were pretty much made for kids only. They were just your usual Sunday morning cartoons. Large eyeballs, goofy voice, exaggerated slapsticks. Disney had its classics like Bambi, Fox and The Hound, Cinderella, Sleeping Beauty. However, it felt more like fairy tales. Bedtime stories your parents give as they tuck you in. In this day and age, it wouldn't work that well. Then came Pixar with it's revolutionary debut, Toy Story. Funny, sweet, modern, relatable and plus, completely 3D animated, which marks the first time a feature film was completely 3D animated. And Pixar has been doing just this ever since.

Though the movies they released were still a quality entertainment, I haven't felt like this since Toy Story 3. Toy Story 3 made me bawl like a baby. And their newest feature film, Coco, finally made me weep like a baby again. Coco is a heart-warming experience, filled with outstanding animation, wonderful music, brilliant writing, and creative models which brings out the best of Mexican culture. The movie took on themes like family, aspirations, and music. And they merged it marvelously with the Day of the Dead culture in Mexico. I also feel that this movie sends a strong message towards those that had lost their loved ones at some point. The way this movie talks about possessions and the inevitable loss that comes will, I hope, comfort you.

Coco is a great movie. Definitely the best animated movie this year (The Emoji Movie? Yeah, don't think so). Could possibly be a nominee for Best Picture this year. The way it tugs our heartstrings and the emotionally satisfying end will definitely please everyone. And it's definitely up there among Pixar's finest. If Justice League annoys you, just see this movie. I definitely recommend you. Bring your families, kids to grandparents, whoever you like. I'm sure they'll like it and I'm sure you'll hug 'em all as soon as the credits roll.",pramsalim,
Heartbreakingly beautiful. Surpasses Up and Inside Out,"Coco is about Dias de las Muerte (Day of the Dead), family, family crises and musical passion. The posters have a boy and an adult skeleton capering through the afterlife. So you can know that upfront, Pixar is going to fully deal with the subject of death that it touched upon I UP and hinted at in the death of childhood innocence in Inside Out.

We were subtly forewarned that tissues would be needed. :)

It surpasses the other aforementioned masterpieces by being more relatable, drawing on family restrictions and prohibitions (e.g. ""there will be no X in this family!"" X being ""instead whatever has caused pain to a family member in the past"". Pick your poison my reader). It surpasses them in making death tolerable. It reminds us that we should be mindful and respectful of all those who went before us. Most of all it taps on the shoulder and whispers that the temporal, the world we live in, in just as important as the next one and we should strive to keep family bonds strong. For when we're at the end of our rope, who else is there to pull us up?

Did I mention bring Kleenex? A full box. Even hard core macho men are driven to quiet sobs and immediate phone calls to mothers and fathers telling them ""mama, I miss you.""

Beautiful.",Charliedog2015,
"Arguably The Best Film Of The Year, And Certainly One Of Pixar's Finest.","An impeccable fusion of first-rate storytelling & jaw-dropping animation, Coco is an awe-inspiring, highly riveting & endlessly entertaining delight that's crafted with passion, precision & perseverance, and is practically flawless. Arguably the best film of its year, this exquisite ode to remembrance & heartfelt tribute to Mexican culture isn't just Pixar's most culturally-defined work to date but is impressive enough to rank amongst the revered studio's finest efforts.",cinemasauron,
"A colorful ode to the Mexican culture and to the family values, but that's kinda it","If you agree with the 'family comes first"" motto, but are tired of it being linked solely to the muscular bald guys and fast cars, then Coco will become a pleasant refreshment for you. A lush and lovingly made animation film based on the Dia de los Muertos theme from the Mexican culture, it is a touching experience and a joy to watch.

However, after all the praise Coco received from all around, the actual viewing experience has left me slightly disappointed. Maybe because I did watch The Book of Life, another animation inspired by the Dia de los Muertos lore and featuring the similar ""family wishes vs personal destination"" conflict, a film some consider Coco to be a rip-off of. Or maybe it's because, despite all its pretty visuals, cute characters and singing solid enough, Coco clearly doesn't invest too much into having more than a single layer of meaning.

You see, here we have a painted prettily and with lots of fizzy buoyant quirks, but still a rather simplistic take on the eternal topic of love's duality and generations' conflict. A kid who loves music, but hatred for it is a family trait for several generations, so he embarks on an unexpected journey through the world of the dead to find a way to unite again what has once been separated and to mend what was once broken. And to sing a few songs and to battle some personal fears while he's at it. There are some nice and emotional scenes along the way, and some lessons learned for some characters, but it's still more or less a linear journey from A to B where good is mostly good (although not without a typical feminine touch of a raging maelstrom of emotionality), and bad is, well, at least clearly selfish from the get-go, and then it's plain outright evil.

What is missing in my opinion is the multi-facet delivery, or at least a deeper morals of the story. Sure, ""love your relatives and do what you believe in"" is cool, but ain't it what every single animated film is eventually about? And you could reach the ending inevitable for such genre with some more convoluted and morally difficult effort than just being a boisterous music prodigy with tons of luck to his aid.

It's not a good idea to criticize art for not meeting your expectations. After all, nobody does it just for you, so why what you think must matter at all? Still, if you are not too fond of stories being rather straightforward, then Coco might feel somewhat shallow. And if you're not a kid who loves everything shiny and moving, then the second half of the film might feel kinda random, slapstick'y and, at times, on seriously heavy drugs (the color-changing monkey burping blue flames or multiple Frida Kahlos crawling out of a giant papaya to drink an even more giant cactus' tears being some examples). For you, I might recommend watching The Book of Life instead, which, albeit arguably less glossy and vibrant visually, has a story much more complex and not stamping ""good"" and ""evil"" labels on things, thus showing the duality of people and of the life itself.

For everyone else, go ahead and watch this film. For its loving care for the Mexican traditions, sharing not just the language but also the passion for something outside the typical Western outlook. And clearly for the multiple Frida Kahlos crawling out of a giant papaya - that was hilarious beyond all sane measure!",Semisonic,
What's not to like?!,"I am very glad I saw ""Coco"" and understand exactly why it won the Oscar for Best Animated Feature, as it's terrifically entertaining, fun to watch...and quite touching as well.

The story is set around Día de Muertos, the Mexican Day of the Dead. Miguel is a nice little boy whose family, inexplicably, HATE music and insist he never can grow up to become a musician. And, wouldn't you know it, but that's EXACTLY what the boy wants to become one day. But after destroying his homemade guitar, he is unable to enter a music contest...so he decides to take one from the local cemetery. Not surprisingly, this creates all sorts of problems...and Miguel is transported to the land of the dead. What's next? Just see the film!

The CGI for this film is simply the best you'll currently find...putting it well above the quality of competing studios, such as Universal and Fox. In addition, the scope of the images is just breathtaking....and a treat to see on the big screen. Additionally, the songs, story and characters are all lovely. One warning, however, is that this film will very likely start you crying now and again...be sure to have some tissues nearby, just in case. A must-see film.",planktonrules,
Viva Coco! (Despite it's flaws),"Coco (2017) is an animated film co-directed by Lee Unkrich and Adrian Molina. It is a story set in the fictitious Mexican town of Santa Cecilia, where young Miguel (Anthony Gonzalez) embarks on a journey when his passion in life and dreams are called into question by his family. All Miguel wants from this life is emulating the great and famous singer Ernesto de la Cruz (Benjamin Bratt) but his abuela and relatives oppose. Miguel must come to terms with his family and return back home after he disrespects the ""dia de los muertos"" tradition and a curse falls upon him, trapping him with the dead. He finds help from the deceased Hector (Gael Garcia) and members of his family like Mama Imelda (Alana Ubach) as he finds a way to express his talents and learns family history. 

At its core Coco is a story about passion, memory and family. Miguel follows a story arch where he must learn self value, bravery and the value of being true to one's self while remaining loyal to family, respecting tradition and remembering one's past in the form of family history. With a reputation for great storytelling, juggernauts Disney and Pixar have found a way to tell a story with such a worn arch with a new and authentic style. A lesson is learned by almost every main character as they grow and develop. Passion is pitted against tradition (and perhaps stubborn customs) and the outcome produces strong emotions on the viewer. At times the story felt carried itself with the drama and flair of a Mexican ""Telenovela"". These are some rich themes for what may be considered a ""kid's film"" but they develop organically and are never forced. However the film doesn't lack that slapstick humour or easy and quirky kid's comedy (Especially present in the playfulness of the dead characters' bones). 

The production team made a respectable effort preparing for the production of this film, and the results were worthwhile and evident. The film is brilliantly set in Mexico, showcasing a wide range of customs and cultural icons that made the film feel authentic. Everything from Mexican cuisine (Like tacos, tamales or ""pan de muerto"") to celebrities (Like Frida Kahlo, El Santo, Pedro Infante or Cantinflas) make an appearance. Traditional ""Mariachi"" or ""Charro"" suits and elaborate woman hairstyles are accurately represented. Mexican family culture is accurately represented from the respect towards our loving, stern and kiss filling abuelas, to that spicy and sassy personality characteristic of Mexican and Latin women. Even the idolization of popular musical icons, similar to Ernesto de la Cruz in the film, resembles the decades old fascination with the likes of actual celebrities like Pedro Infante or Jose Alfredo Jimenez. I authentically felt the story was set in a real, picturesque Mexican pueblo. Every small detail felt in place and that enhanced the story. The film understands and respects the traditions of ""dia de los muertos"" while giving it a modern twist. Despite the difficulties, and risks, that come with portraying such a rich and complex culture the film makes a much appreciated effort in introducing a side of Mexican culture that is at times neglected in favour of easy-to-go stereotypes.

The film felt beautifully animated with intricate finger movements while playing a worn-out guitar or the miniscule pores and imperfections of the bones. Visually gorgeous and impressive the film makes use of a brightly coloured pallet, like with the rich orange used for the ""cempazuchitl"" flowers or the ""papel picado"" banners. The music fit perfectly with the tone used for the story and never stopped having a particularly Mexican flavour from the use of the guitar or trumpets to the ""marimba"". The score continued to set the story appropriately. 

Coco is carried by memorable fun moments, like Miguel's encounter with exotic Frida Kahlo, and beautiful and emotionally filled ones, such as that of the last act which grounded the story's themes of love for music and family during a scene that is sure to invoke a tear or two. Despite a few moments where it felt that the plot was driven by the oversimplified and unexplained mechanics of the curse, the film in general doesn't stop being the memorable and enjoyable experience of a familiar story executed with fresh and authentic style.",jose_apou,
The amount of Pixar movies that are so much better and everyone is saying that this is the best one...,"Honestly, I wasn't amazed or fantacised by 'Coco'. It's nowhere even near the same level as Toy Story 3, Inside Out, Up and WALL•E. It went on for too long, some scenes dragged and weren't that entertaining. The first half especially was extremely dull, I literally just didn't know why I was watching the film. But the day of the dead scenes were kinda entertaining and quite a bit of fun. That was really when the film started to pick itself up a bit. The animation is spectacular and I'm glad that Pixar satisfied me with their stunning visuals, like they always do. The characters are good-fun and are people you can definitely relate to. Miguel is a great lead and when he's stuck with these skeleton-like people (I don't know what to call them, sorry!), it really is a lot of fun and entertaining. Although I didn't even enjoy Coco that much, I'm pretty sure you will, I'm pretty sure you'd like to watch it.I enjoyed this one less then Cars 3 but give it a watch, and if you don't want to, don't. The first 40-50 minutes you may not be entertained or satisfied like I was, but you will be surprised and amazed and the second half. My overall review of the film is that it's not bad, watch it if you want to.",frankjones-84156,
Overwhelmed!,"I'm a 24 year old student who sometimes tends to overthink about the values of life and how one, including myself, expresses these kinds of thoughts through every form of art that tells a story. So as a person that really puts his soul to a movie he watches I have to say that this film is one of the most beautiful things I've ever had the pleasure of witnessing.

Coco does a fantastic job of capturing the viewer from the first moment. It cleverly captures the beauty of the ""Day of the Dead"" tradition, by unfolding one of the most heartwarming stories I've ever seen in a movie, around it. The film features a young Musician called Miguel and the pursuit of his dream of being a musician against his family's approval. Throughout the movie while Miguel engages in an adventurous journey through the land of the dead, he is caught between the love he has for music and the importance of family bonds. 
Quiet a simple and pretty well covered subject. Somehow, Coco manages to so simply and beatifully capture the essence of what it means to be human. What it means to love and what it means to have passion for the things and the people you love. The story was told in such an elegant way that it didn't make me think about the values it represented, but instead it made me feel them, without me even analysing what I was watching. It did it so gradually that at some point near the end I was so overwhelmed by a scene, which definetely goes to my ""top 10 best movie scenes"" list, that I caught myself crying. Not tearing up like I usually do when a scene touches me. Actually crying.

I could go on and on about Coco, but I'll leave with saying that this is a fantastic movie and I honestly feel grateful that I had the chance to watch it.

A must see!!!",ilias-zournatzis,
Love it,As a Mexican born child I cried when I saw this movie and my son who is American born with Mexican parents loves it too.. love to teach him about our roots,andreachaparra,2018-05-08
Absolutely lovely,"Everything about this movie is wonderful. The characters, the meaning, the songs, the cinematography, the storyline. An absolutely lovely movie. Even as an adult, or perhaps because, I cried at the ending. Such love and such joy.",Calicodreamin,
The magic of Mexico!,"""Coco"" is the best animated film from Pixar and the best animated film of the present time. The script full of Mexican traditions and customs is rich in story, which is deep and emotional. The animation is impressive capturing the magic of Mexico and día de muertos, with colorful cinematography and tremendous characters. The voice work of the Mexican and Mexican-American actors is impressive, each voice full of emotions and with a great talent for singing that excels in each musical theme. ""Coco"" is the best film based on a Latin American country, a masterpiece!",jp_91,
"Stunning, beautiful, colorful, powerful, sad, happy. A joy of a ride.","I may be biased, since this movie portrayed perfectly what life is all about in a small Mexican town. 

Or, perhaps I wanted to see Pixar really get back on the game. Go beyond Up, and make a complete movie that was as beautiful as the first 20 minutes of Wall-E.

I got my wish. 

This is the movie I wanted Pixar to make, once again. A movie about what family means. A movie about the choices we make, and the roads not taken. 

This is a stunning work of art. It'll move you from happiness to tears, from memories of the past to the joy of the future. To understanding, to remembrance. To the joys and pains of being alive.

I can't even begin to imagine how Pixar made a movie about life and death that is so colorful, so absorbing, so poignant, and so approachable for kids, and with so many layers upon layers upon layers of meaning and significance for adults.

To watch Coco is to love Coco, and to remember the Cocos in your life that are no longer among us.

Thank you, Pixar.",fjhuerta-2,
6.8/10,"A boy chasing his dreams, a family bound by tradition, and a world where the dead are more alive than one might expect: Coco uses all the clichés but does it just right, crafting a beautiful story. Vibrant yet sombre, playful yet deeply emotional, it writes a narrative that balances joy and sorrow with remarkable precision. The story unfolds effortlessly, balancing the general kids' film aspect with a deeper storyline, and belonging into a journey that feels both intimate and grand.

Visually, it is nothing short of breathtaking. The Land of the Dead is a spectacle, glowing marigolds, intricate cityscapes, and spectral figures that move with a fluidity only possible in animation. Despite not being the ideal audience for an animated children's movie, even I can admit this magic could not have been recreated if not drawn. Every frame is meticulously designed, making the world feel tangible despite its fantastical nature. While I usually lean towards live-action films, I can acknowledge that Coco is an example of animation at its peak, with artistry that speaks for itself.

Music is handled with restraint, and the musical-like aspects are well done. It enhances rather than dominates, allowing the narrative to take centre stage. Coco is undeniably crafted for a younger audience, yet its depth and clever writing ensure it resonates beyond childhood. Brilliantly executed, perfectly structured, yet not quite in my personal favourite; a 6.8/10 feels just right.",mattdamonlover69,
The most beautiful movie.,"I've been trying to get my kids to watch this for a year. They were never interested. Finally, it was my turn to pick. The whole family was in awe. It was colorful, imaginative, and the story was beautiful. That kid who boxes Miguel is amazing. It got me thinking we should start celebrating Dia de los Muertos.",mjp0117-26-143834,
"Good, not great.","Coco is about a family that was defined by a moment in their history. 
We follow Miguel, a young boy who aspires to be something that his family is against.
This movie was directed by Lee Unkrich and is a original movie presented by Disney and developed by Pixar, this means that you can expect great animation, music and at least decent writing. Lee Unkrich has co-directed a lot of Pixar classics like Finding Nemo (2003) and Monsters, Inc (2001), neither of them perfected but deservedly have the pronoun of classics. Other than being co-director, he also directed Toy Story 3 (2010), which in my opinion is a bit underwhelming, I would never call it a bad movie, because it has the same production quality as the other Toy Story movies, but I believe it has a lot of problems in its script and story, not gonna delve to deep about, just have in mind that I didn't love it, and would consider it a decent movie, not good.
Coco follows a lot of plot lines and ideas from other movies, but I wouldn't consider it a down for this movie in terms of quality, just makes it less original and more of a retread of another movies like The Book of Life (2014). Unfortunately this isn't the big problem of Coco.
The big problem of Coco it's mediocrity when it comes to the script and the finality of the ideas, not only it is incredibly obvious where the story goes, it also does unnecessary plot twists that are obvious and lack of sense, which I won't spoil for obvious reasons, and because of this the emotional scenes are less effective at least when it comes to the story, because the score is so effective and well made, most people melt and forget the inconsistencies of the story, which didn't work for me, mostly because I am not a target audience of this movie, being in my twenties and having no children.
Other problem I had is that the story had a big potential which fell through, by going through obvious and overdone paths, basically it decided to end as a perfect knot instead of a little more realist. With this point I meant to show why I didn't think the story and script are tight and perfect.
Other than this problems it follows the great productions of other Pixar/Disney collaborations, having great music and animation with little and complex details, so I would recommend this movie as a fun movie for the whole family, but don't expect, at least if you are like me, a masterpiece.
I would rate it a 6-7/10.",mrlore473,
Not as good as the reviews claim,"Leaving a review because I'm blown away at the amount of 9's and 10's I'm seeing for this movie, do you all have kids movies on a different scale? To me a movie is a movie and this was good for a kids movie but still incredibly formulaic with an obvious ending. I guess we'll have to see how much lower the score goes for this movie as at the time of this review its a 9/10, but its still just shocking to me to see it that high even though it's early. It truly is Pixar's 8th best movie at most and it's an alright idea but at the end of the day it's just a check all the boxes average movie. And that's okay; it's an alright kids movie but it doesn't deserve the praise people are showering it with.",sparksjack,
love it,"Like the culture of the dead embodied in the film, they worship the dead without sadness, and even sing and dance, singing and laughing, to commemorate the reunion with the deceased family members gathered together. Before I was afraid to hear and see and spirit, ghost related topics, those words in my impression is associated with terror, but let me after seeing this film has the different understanding to the dead, people become dead still have colorful life after death, have relatives, friends, there are joys and sorrows, is no longer so afraid of death. As long as the world remembers, it will still exist in this world, only when the world is completely forgotten, that is, when you no longer have anything to do with the world, will be turned into a golden powder, facing real death",p-35646,
Simply gorgeous,"A few years ago I reviewed Coco and gave it the only 10 I have ever given. A story of love and family, it brought me a little joy in a very dark time.

Tonight I watched it again. I'm a 68 year old man and once again I find myself in tears at the ending.

Coco is an amazing movie that I would recommend to anyone who has a heart. I would give it a twelve if I could.",greebo-01548,2022-05-29
Best animated movie ever,We came across with the movie when flipping the channels. No idea what it was and ended up watching one of the best movies ever,deniz-tozak,
Another great film from Pixar,"This Pixar animation is centred on Miguel a Mexican boy who dreams of becoming a musician. Unfortunately for him his family has banned all music because his great great grandfather had abandoned his great great grandmother to become a musician... they expect him to become a shoemaker like the rest of his family. On the Day of the Dead he plans to sneak off and take part in a music competition but his grandmother destroys his guitar. Needing a new instrument he breaks into the tomb of his hero, legendary musician Ernesto de la Cruz, to borrow his guitar. As soon as he plays a chord something strange happens... nobody alive can see him but he can interact with his dead relatives who can enter the world of the living that one day. He returns to the Land of the Dead with them. He learns that if he stays past the end of the night he will become one of the dead! His family could return him but add the condition that he must give up on music... he refuses believing that Ernesto is his great great grandfather so could return him without such a condition. Héctor offers to help in exchange for taking his picture back to the Land of the Living. In what follows Miguel learns more about his family and culture.

I found this film to be an absolute delight; the story is charming with excitement and genuinely emotional moments. I loved how it was based on the Day of the Dead; a celebration I'd previously heard of but didn't know about in any detail... I'd thought it sounded rather macabre but thanks to this see that it is really something rather beautiful; a day to remember dead family members. As one would expect the animation is great as were the detailed backgrounds. The central story of a child trying to return from a spirit world strongly reminded me of Studio Ghibli's 'Spirited Away'; the execution is quite different though so I never felt this was copying that film. One might think that a film about characters who are dead might be a bit creepy for younger viewers but the character designs aren't scary; in fact I think the film could be shown to children wondering about death. There are more songs than most Pixar films but it isn't a musical... characters perform rather than just break into song. Overall I'd definitely recommend this to all film fans.",Tweekums,
Best Pixar Movie Yet!,"Yes, Pixar Animation Studios has done it again -- their latest release, Coco (2017), is not only a return to form, but also manages to be their best feature yet. From 1995 all the way up until 2010, Pixar knocked it out of the park with every release, save for Cars (2006) and maybe A Bug's Life (1998). However, after Cars 2 (2011), it seems every release of theirs has been bad or mediocre, except of course for 2015's extraordinary Inside Out (2015). Luckily, Coco (2017) manages to be the second great Pixar movie since Toy Story 3 (2010), and hopefully a return to form for good this time. All I will divulge about the plot is that it follows a boy named Miguel and his dog traveling into the Land of the Dead. From there, the story takes you to startling visual, entertainment, and emotional heights that no Pixar movie, no kids' movie, and very few ""adult"" movies have ever taken you. Yes, this is even more emotional than Up (2009) and Inside Out (2015) -- both of those films moved me to tears, but never hit me as hard as this one did. It touched something deep within my soul, and unlike most emotional films where my eyes will water a bit, in this one I began to openly weep. It was an emotional catharsis like I've never experienced before. Aside from the poignant elements, the film also manages to be enormously entertaining, with exhilarating sequences that reaches levels of fun Pixar hasn't reached since Monsters, Inc (2001) and The Incredibles (2004). They use the visually gorgeous Land of the Dead they have created to their full advantage, to provide a rollicking adventure that combines imagination and entertainment brilliantly. The other thing I should mention is the score, which is, by far, the best Pixar score I have ever had the pleasure of listening to -- yes, even better than Finding Nemo's (2003), Up's (2009), and Inside Out's (2015). I suppose that shouldn't come as a surprise, considering this is the most musical movie Pixar has ever created, but nevertheless was one of the many, many memorable aspects. In Conclusion, my favorite Pixar movies up until this point have been Toy Story (1995), Finding Nemo (2003), The Incredibles (2004), WALL-E (2008), and Up (2009), with Monsters, Inc. (2001), Ratatouille (2007), Toy Story 3 (2010), and Inside Out (2015) not far behind. I have been disappointed by their seemingly endless sequels this decade, and by the fact that even their originals (Brave (2012) and The Good Dinosaur (2015)) have been okay at best. Even Inside Out (2015), though I love it, is still better at delivering an important message to children than it is being its own story. But with Coco (2017), Pixar has nailed it. It brought me back to childhood nostalgia of watching Pixar classics like Finding Nemo (2003) and Toy Story (1995); the fun, the adventure, the laughs, and the tears. This is what a Pixar movie should be, this is what a kids' movie should me, this is what any movie should be, and it is truly one of my favorite movies of all time.

RATING: 10.0/10.0",brotheryour,
admirable,"First, it is one of the most inspired propaganda tools for Mexico. colors, music, characters, story, all is touching and beautiful and admirable. and that is a motif for I cried. because it is a magnificent eulogy of family. family in old fashion sense, with his past, rules, members from this and that world. a film of candies colors, lovely songs and a lot of adventures. and the title, yes, it is the mark defining everything. a film about love and about the importance of roots. splendid at whale.",Kirpianuscus,
Making the perfect weapon,"Despite the obvious following of the tear jerking formula, Pixar, makes you care every time. You can clearly see how they abuse same archetypes: family , children, dogs, death. Same plot twists of good guy turns out to be bad etc. You still totally lost in it and somehow care every time. Now they adopted ""disney singing"". you can see how they perfecting template of a weaponized tear jerking in a cartoon form. It is not nearly close to Wall-e or Up but as far away from Cars.",mrpicky,
Why I believe it deserves a 10,Pixar has come a long way. To them their creations have become a science into human emotion and I don't know any better company that has nearly perfected the craft. Soon they'll have 10's across the board from music to picture and from story to the characters. Never have I seen that more than in the movie WALL-E. This movie is up there. More than just its basic elements it dared to dive into a culture that very few in the world know about. It went above and beyond in research in getting those in Mexicos stamp of approval. It touches a deeper recess of the heart where the soul lies dormant and awakens it with hope and optimism. It takes the differences we often critique and judge upon another group only for Pixar to place a mirror right in front of us and stare at our own reflection. It takes the common elements so as to identify with the characters and stir a feeling of commonality. It's brilliant and ingenious. These things alone give it an 8. The 10 is because it was bold and dared to go places other won't. In this I found originality. Something you don't see often these days. Best part of all it unified. It takes ones thick skull (pun intended) and supplies human emotion as the medium to communicate the message so as to reach the heart. One may call that manipulation but due to its sincere true message and goodness I humbly give it a 10.,bradinhanson,2018-05-09
Fun but nothing great,Beautifully animated and entertaining but not as great as everyone is making it be. There were some beautiful songs and the voice acting was also pretty good but the concept or the execution was nothing new. As for an animated film that concerns about Day of the Dead I prefer The Book of Life. There were some obvious attempts at some political commentary that fell flat for me. The story was also quite predictable nonetheless a fun watch where they kept their respect for the culture.,Jithindurden,
A pointless recreation of a beautiful tradition,"Kinda disappointed with this one. Coco could've been a cultural statement and a exploration of family values and death itself, but instead is a rather dull look at a celebration, not a tradition. The aesthetic qualities are there, as well as the overall depiction of current Mexican society (sort of), but everything else feels poor in comparison, vane even. The protagonist's journey lacks actual purpose, the writers seem more focused in the real adventure that in the metaphorical one. He doesn't grow or mature. And that is just one of the many issues this movie has. At the end, it's just another decent tearjerker children film.",efren_aa,
It is absolutely a celebration of a lifetime,"Have always loved Pixar, and really like to love most of their films (all three 'Cars' films and 'The Good Dinosaur' are my least favourites, and although the second 'Cars' had a lot of problems for me the third one is the only less than average one).

As for favourites, they are all three 'Toy Story' films, 'Inside Out' and 'Up', love 'Wall-E' and 'Finding Nemo' as well. After seeing 'Coco' yesterday, hearing nothing but great things about it and seeing the near-universal critical acclaim, from personal opinion (and many others it seems) it is right up there with the Pixar masterpieces. Would go as far to say it is easily their best since 'Inside Out', which is saying a lot since the films between that and this were lesser Pixar efforts (enjoyed 'Finding Dory' though, though it is a long way from being one of Pixar's best).

'Coco' is one of the longest Pixar films, clocking in at nearly two hours, but it sure didn't feel like it. Seeing it in the cinema, the audience was a quite large one, if on a side note not as many as thought. With it being a family film, the weekend and that it was only released three days ago, part of me was thinking it would be sold out. Throughout everybody, children and adults alike, was laughing, in awe and crying. It is also a different Pixar film, with a unique setting and that it is more music/song-oriented, and has replaced 'Inside Out' as their most mature and in depth, with themes that are remarkably daring and relevant.

Lets talk about what is so brilliant about 'Coco'. The film is a triumph when it comes to visuals, one of Pixar's best-looking easily. The animation throughout is absolutely spectacular, whether in the real world or the Land of the Dead. The colours are so vibrant and atmospheric and there is so much gorgeous detailing in the backgrounds, nuances in the way the characters look and the skeletal designs and movements have amazing dexterity that is both clever and ghoulish.

Just as triumphant is the music. Michael Giacchino's score is one of his best and most multi-layered, capturing the spirit of Mexico in a way that's celebratory. The songs are similarly infectious, ""Remember Me"" is not just a beautiful song but it has a great, upbeat message and adds a lot to the story.

The writing has so much spirit, poignancy and entertainment value. The jokes are sophisticated and amusing, neither childish or repetitive to me and Dante is both adorable and funny, and the emotional elements are truly heartfelt, especially in the last act. The story is bright and breezy in pacing, despite the fairly long length one doesn't feel it. The Mexican culture and family values were clearly comprehensively researched and the film feels like a warm, fun and heartfelt tribute and celebration to culture, family, music and even Latino cinema in the Golden Age (the latter proving crucial to the revelation of a major plot twist).

Not since 'Inside Out' has a Pixar film made me laugh and bring tears to my eyes as much as 'Coco' did, not since 'Paddington 2' has a film's ending leave me sobbing. The relationship between Hector and Miguel has a huge amount of heart and complexity, one can understand the point of view of the Rivera family (living and dead) and the macabre elements are very imaginatively realised. 

The twists in particularly the last act keep coming, mostly unexpected and all very clever. Some elements of the reveal with Ernesto were not that surprising (Pixar have done similar and it is fairly clichéd, my one slight criticism with 'Coco' but found it easy to overlook) but none of it was guessable too early and it was extremely well done and tense regardless.

All the characters are fully formed and have strengths and flaws. Hector was the most fully rounded and provided the most heart and a lot of us are likely to find ourselves in Miguel and his aspirations. Imelda is also memorable as a character and the chemistry between all the characters is realised beautifully too. 

Voice acting is first rate, especially the remarkably multi-faceted contribution from Gael García Bernal as Hector. Anthony Gonzalez also voices with spirit and emotion, Alanna Ubach achieves a balance to Imelda of not wanting to get on the wrong side of her and having a caring side and Benjamin Bratt shows a side that one is surprised is in him. 

In summary, truly amazing and a celebration of a lifetime. One of the most deserving recipients of a perfect score in a while. 10/10 Bethany Cox",TheLittleSongbird,
"An other-worldly journey, a stellar show!","Coco is a visual spectacle, a story that pulls at the heartstrings and a ride to another world that is unthinkable otherwise!!
Would've rated this more than 10 if I could.Animation magic from Disney!!",titaskar-41573,2020-05-04
Another favorite Pixar movie,"I cried everytime I watched this movie! Beautiful animation, beautiful songs & music, beautiful story. Very touching and heartwarming.",Magnolia21,
LOVED IT,"I love how pixar is doing all races and body types not like old disney white, damsel, skinny, and straight",sydneybauer-06882,2020-05-06
"""An Respectul Tribute to Mexican Culture and his People""","All my family waiting this movie all the year since we see the teaser and blow up...and more because was a Pixar movie and they all make right all the movies they make (at least the 80%).

And Jesus we all not disappointed at all...The music,the animation,the characters,the colors,the family...everything was just perfect.

Now being a Mexican born a was worried that Pixar takes so many liberties of the Mexican culture,people,music and more...But that didn't happen they took all the things i mention before and converted in one of the best animated pictures i ever see and make me even more proud to born Mexican.

I know you all the see the trailers and teasers and know how the movie it is but NO...the movie have a great twist and surprises that gonna make you love the movie even more...Like i say before everything in the movie is just perfect and one i have to say is that PIXAR portrait The day of the Death (dia de los muertos) very accurate and with a lot of respect.

Just see it...you gonna love it Pixar make another classic movie to they collection and Mexican people of all the world...You be pride to be what you are!",inxsfett,
Enchanting and dazzling...,"Coco is a movie with lots of joyfulness and emotion...
I nearly cried when Miguel sang ""Remember Me"" to her great-grandma, that was so impressively touching!!!
And the end of the movie, my heart filled with so much happiness and joy...

Everybody should see this Movie..!!!",MustakimFaiazPrime,
In one word: Spectacular.,"A Pixar's masterpiece, impeccably done in terms of research (about the Mexican culture), animation, script, musicalization, direction and production. A subtle yet charming and inspiring story; with a quality of animation worthy of an Academy Award (I wouldn't be surprised if it was one of the great winners of 2018); with an extremely powerful soundtrack; an excellent script; likable, well-developed and relatable characters; and extremely respectful of the cultural component in which the story is inspired. In short, one of the best landings of Pixar - perhaps repeating a bit its known formula, hence you can feel a ""back to basics"" in terms of the narrative, history and character development, but at the same time managing to stand out as a fresh and purposeful product that will undoubtedly give a lot to talk about.",ex_umbrellacorp,
Not a fan; disappointed,"First of all, I have always been a huge fan of Pixar. I loved nearly all of their films, except for Cars 3 and Brave (I actually thought Cars 2 was fine - don't hate me!). I am usually very open to most films and give them positive ratings despite a few flaws.

With Coco, I was utterly disappointed. I was lucky enough to snag a few preview screening tickets last Friday. I went with my wife and 8 year old child. My son really liked it, but that was mostly because of the outstanding animation (some of Pixar's best animation yet) and the lead character. My wife and I both found the same flaws in this. 

The story is very different from what Pixar usually makes. Coco is not as childish or simple as most of their other works. The concept is guaranteed to teach children about a new culture that they might not know about. While this may sound like a huge positive, it completely ruins the film for adults who cared about the story. Almost every major plot point relies on the viewer understanding a certain amount of Spanish to know what is being said among the characters. Unfortunately, I took 4 years of French in high school and had absolutely no understanding of the Spanish language. I was confused as to exactly what was being said during the climax. A character mentions to another character some important detail about the story in Spanish (which I will avoid spoiling for you) that I had to infer for myself in order to keep up with the heavy story. I don't know if there were originally subtitles to the film or not, but my theater at least had no subtitles for English speakers. 

From the trailer, this film appears to be more mature and daring than a typical Pixar film. In reality, this movie is just more confusing and goes for visually stunning shots more often than it goes for emotion. This is still a good movie for kids - as opposed to a movie like The Emoji Movie - and has a few teachable moments. There is a nice and thoughtful message in this, but no real impact or emotional weight to carry it through to viewers. Think of this film as an African proverb - it offers an important life lesson, but no emotion or story to accompany it. 

In the end, I can't really recommend this film unless you are willing to sacrifice your standards of an engaging story and emotional impact for stunning visuals and an original concept from what used to be my favorite animation studio of all time.",ModishMovies,
Riotous Rocking Resurrection & Insurrection...,"An absolutely spectacular animation, story and message that's appropriate for all ages, persuasions, dogmas, societies and cultures - universal you might suggest. If you're looking to take ninety five minutes and turn it into what will feel like no time at all, then this delightful, endearing, engaging and sincerely beautiful story about a young boy trying to establish his direction in life amongst the backdrop of the Día de Muertos in Mexico is just for you, because its just for everybody! although dogs might love it too.",Xstal,
Late to the party,"Ok so I'm very very late to the Coco party, but I'm so glad that I convinced myself to watch this film. Having no knowledge or real interest in the Day of the Dead festival I wasn't really bothered about this film at all, and also after the flop that was Moana, I thought Disney had lost it, however I am a massive Disney / Pixar fan, and willing to forgive them most things (except Meet the Robinsons) my absolute favourites being Up and Wall-E, and I thought nothing could ever come close, but by golly does this knock both out of the water.
I've now seen Coco about a dozen times since Christmas and I've cried buckets every single time. This is film has to be Pixar's crowning glory. Absolutely love it.",natalieclark-60547,
I didn't believe it was possible,"I stumbled across this on a streaming service a few days ago, so I popped in here to check out reviews, as Pixar can be hit and miss. WALL-E and up are brilliant, the continuing Toy Story or Cars after the first one not so much. Then I saw all these 10 scores. I thought BS, no film is a 10. Well, except for Citizen Kane.
Coco, a joyous celebration of life and love for life has absolutely changed my mind. Every part of this wonderful film makes the whole film a masterpiece.

My first ever 10, and likely my last, cos Coco is unique and will be nearly impossible to top.

Genius.",jtins,
Great,It was great. My favorite part was how the guitar playing was accurate.,jldionisio,
Story is everything,Beautiful story about a young boy who wants to be a musician but his family is haunted by the actions of their ancestors and thus he is prohibited. His journey takes him to the underworld where he meets the souls of his ancestors and tries to heal their wounds so he can find his unique voice as a musician. One of Pixar's all time best films and a tear jerker to say the least!,RussHog,
Pixar's greatest film,"Coco is by far Pixar's greatest film.

I do not see how you couldn't enjoy it. Perhaps you don't have a heart. Want to test that theory? Go and watch it.

I also cry like a baby everytime I watch it. Happy and sad tears at the same time.

Ugh it's just the best.",originofsymmetry-503-610804,
Incredible and Touchful,The movie surprises not only kids but adults as well. A touchful and simple movie that everyone must watch. Enjoy with your family.,bruno_oqt,
Feels like Disney trying to do Pixar rather than Pixar being Pixar,"Coco is a nice movie, but it feels like Disney trying to do Pixar rather than Pixar being Pixar. It's missing the heart & humor found in early Pixar movies and ends up being fairly bland. Most of the songs are forgettable, as well, which is strange since this movie is all about music and not forgetting things. At least Coco is slightly better than Book of Life.",cricketbat,
Best Pixar movie yet,"Three words... WOW, what an amazing movie, the story starts getting better and better, such a beautiful story, with so much touching moments, amazing soundtrack, congratulations to pixar, total respect to you guys, Mexico is amazing!!! you learn so much about the Mexican culture, incredible.",jovanyglez,
Pretty good,"It's a generally enjoyable film with great animation as expected from Pixar. Both the land of the living and the land of the dead are really visually interesting. I also like the homage to Latin American music. I just prefer other Pixar or Disney movies to this one, just preference. It's also kind of predictable.",xherridea,
Overrated colorful movie,"Do not say this is Pixar's best movie. That's an offence to Pixar itself.
Coco is a visually pleasing animated film, with stunning colors, nothing more.
I was disappointed, I really thought a Pixar movie on the Day of the Dead could have great potential, but that potential was wasted.

Rather than a celebration of Mexican culture, what I have seen is a celebration of the American perception of Mexican culture (in a respectful way, at least). This was no surprise though. 
What made it impossible for me to enjoy this movie was the way the plot was sacrificed in order to deliver the ""Be who you want to be"" lesson. The first part of the movie focuses so much on this one idea, with so many clichés it even made me consider leaving the theater. 

But as I said, the colors make it a pretty film and I was hoping I'd be enjoying some of Pixar's excellent humor at some point. That never came. This movie will make you chuckle a couple times, but that's it, it lack's Pixar's magical combination of plot, humor and feelings.

They came up with one or two good ideas and Death is depicted in a really nice way, but the plot was so scarcely developed some events remain unexplained. Completely useless elements are given a lot of importance within the story, while the truly interesting bits get very little space. Coco simply didn't ""seize the moment"".",Mepimar,
Stunning! Coco has stayed with me since watching it a week ago. I can't stop thinking about it.,"Absolutely beautiful film. It touched my heart and soul like no other film ever has. Visually gorgeous. The acting was wonderful. That little boy, Miguel, was such a lovely, likable character. I wanted to reach on the screen and hug him. The songs? Wow, just amazing. Where there clichés? Sure, maybe but it didn't matter since the characters were original. The negative and so so reviews.....sorry but you have no heart. I don't think I can trust anyone who doesn't love this film. You are not human.",Adri761,
"So Underrated, The best Disney Film in a LONG time!","It blows my mind that a majority of people I come across have never seen this movie. I guess people couldn't ""relate"" to the Day of The Dead theme and honoring Mexican heritage. It shows how people are still so self-absorbed about what they want to ""relate"" to, instead of being open to learning about other cultures and traditions that can teach us ALL something. The main theme of this film is FAMILY. So well done, beautifully animated with fantastic songs and incredible moments. The best animated Disney film I have seen in so long. An actual original concept and not a sequel! Enjoyed every second of this film. And cried...a little. Okay, a lot.",penelopemmorris,
Coco,"Fol is the second best Pixar film after a Toy story 3, and although the human world was not at the level of the dead world, it did not harm the film and the songs in the film were among the best I heard and the film settings were from Hossas in the world of the dead, and the character of Miguel was not a great characters I am surprised that there are not many pens in the Mexican civilization, although the Mexican civilization is full of interesting things",auuwws,
My critique of Coco,"The children movie Coco, was a very heartwarming movie. It showed what the real meaning to family should be. It showed that even though your family might disappoint you there are always there and will be remembered.",kellogge-17694,
"Predictable, unoriginal, but well executed","For me Pixar has become synonymous with a new way of making fairy-tales that has both the fantasy setting and themes associated with traditional fairy tales, yet at the same time unconventional characters, and original stories that would be interesting for an adult to watch even if the kids are not around. Coco however is much more of a typical Disney movie full of one-dimensional characters and completely unoriginal plot where one can guess the ending after watching the first five minutes. It is a well executed animation, that does a pretty decent job of keeping your attention while it is still going, but it leaves absolutely nothing behind, the moment it is over. It was a great idea to set this during the day of the dead Mexican festival, yet one original idea about the setting is simply not enough to make a a full-featured film around.",igorekh,
Never watched anything better,"I just can't find words to describe this masterpiece...I cried like a baby after it ended and it really made me think more about my personal values and viewpoints. Pixars' movies are generally top notch but this one blew my mind because of its lighthearted simplicity,vivid colours,touching music and wonderful message at the very end. If you're wondering whether to watch it or not as this is just a cartoon,trust me you won't regret it. You'll set yourself to an immensely funny and emotional journey embroidered of quirky family moments,joyful tears and lovely characters. Please watch it,either alone or with your kids,it doesn't matter...",gakovicsandra,
Well produced but extremely predictable,"This movie having an average rating of 8.5 at the moment is to me just another proof that the rating and review system of this site is completely out of order...

Pixar used to be all about telling great stories with a lot of playful creativity and originality thrown into the mix. But what Coco is just yet another sad example of is that they've found their ""successful"" formula as well as they've settled into a certain safe way of doing everything. This is the same story we've seen a million times before: A kid has a dream for his future but is prevented to follow that dream because of the surroundings he lives in (in this case his family), and of course he goes on a journey that changes everything and he can eventually live this dream. This is basically A Bugs Life (and a million other similar stories) in a Mexican setting but without anything new and original added. The main plot twists where so super obvious that you spent half the film waiting for them to be revealed... Also all the structure around the story - the flow of the story, the supporting characters, the way it's animated, the many little slap-stick (supposedly) humorous elements - it all reeks of habits and ""let's just stay in our comfort zone and play it safe"".... And this from the company that gave us Toy Story 2 (my favourite in the series), Monsters Inc., The Incredibles, and Wall-E.

Pixar, I'm not angry but I'm extremely disappointed in the direction you've taken in later years. I mean, the film isn't all bad, it's just nothing like what Pixar used to stand for.

5/10 (= almost OK, but still felt like a waste of time)",elgsdyr,
Beautiful story,"Great film, i cried, i was watching this beautiful film with my daughter and cried. I don't remember the last time a movie made me cry, and i'm a full grown up man. Beautiful story, great charaters, beautiful image and the moral of the story it's so very true. Best film ever made by the awesome Pixar, by the way, i'm European, so there is no biased anything in my opinion.",hugota,
Best Disney/Pixar ever made,"Just incredible and the best Disney/Pixar movie ever made.

Funny, sad and very entertaining all the way. Great music and the animation is at its best.

Cried my eyes out in the end as well.",DocHolmberg,
When celebrating the dead...,"I had little expectations for this movie when I sat down to watch it my family. But I was blown away, because ""Coco"" is without a doubt one of the best animated movies that I have seen in a long, long time.

The storyline was quite good, and it wasn't all that generic or predictable. So the writers did a great job with the story and the plot.

The animation style was just spectacular, with lots of minute details in every single scene. And I will say that you should actually watch this animated movie more than once. Because the first time around is focusing on the story, while the following times to take in all the details and ongoings on the screen.

""Coco"" was filled with some very lovable characters, and these characters very different from one another; each one adding something unique to the story.

The voice acting was quite good, and it was clear that they were giving themselves 100% for the movie. There weren't all that many talents that I was familiar with, but everyone certainly did perform quite well.

""Coco"" is definitely the type of animated movie that you owe it to yourself to take the time to sit down and watch.",paul_m_haakonsen,
Best animation movie!,"The storyline was very unique, so was the concept of the movie. 
To everyone who enjoys watching animations I would recommend this movie. It also has a educational plot, because it shows the importance of family and a bit of the Mexican culture. It was hands down one of the best animations I have watched.",Mehtap-m,
A Masterpiece Movie,"When i see the trailer, i'm just interested with visual, just that.

But this is more and more than that, it's really a masterpiece. This is a movie with very powerful message about love, about family, about dream, about passion, and how we can choose the best in life.

I recommend you all to watch this movie.",jimmyanggadaputra88,
Don't know why this is so highly rated,"Don't get me wrong, it's fun and ticks a lot of boxes - indeed the whole endeavour seems to have been planned with that in mind.
I love cartoons, or animated features, as they are weightily called nowadays, and my earliest cinematic memories are of Peter Pan, Dumbo and Bambi - films that I treasure to this day. And people are doing fantastic things with the medium now, so The Incredibles, Monsters and WALL.E have joined the classics among my favourites.
I like that the film addresses an interesting theme and a culture, but I enjoyed Book Of Life more, although both are refreshing and bring so much colour and liveliness to the screen. 
However, there are a great many animations that I rate more highly, not to mention other films in other areas. So I think 6 is about right for this one. I was enchanted by Inside Out, but only gave it an 8 (the same as classics such as Snow White and Fantasia), since there are aspects of it that are aimed at a younger audience.",blrnani,
Best Anime ever?,"Once every few years Disney manages to prove me wrong that they are running out of ideas for producing wondeful anime movies based on new concepts / ideas. This movie is trully a masterpiece, unquestionably one of their best ever. I think this film is much better than my favorite of the last few years ""Inside Out"". The quality of the movie is going beyond any expectations as it is brilliantly funny, extremely emotional, and the music is fantastic. Overall, thumbs up for what I personally think is the best anime Disney has delivered in the last 20 years to say the least. 10/10",pstavr,
Really good but somewhat flawed,"""Coco"" its the latest Disney Pixar animated film, I try not to miss that many Pixar movies and even if a few of them have escaped me I still do whatever I can do to watch them, I love a good Disney movie and ""Coco"" its no exception.

I know that the gimmick this time its that it takes elements from the Mexican tradition known as El dia de los muertos (actually, it takes elements from general Mexican culture) but I cant help to feel that this is a small story that happens to take place in a huge startling world, we follow our characters through a journey that only affects them, the rest of the world does not depend on their fate but they aren't apathetic towards them, its a nice balance between a big story and a personal one. 

The plot isn't anything special, the world it establishes isn't special either, the characters are likable but they aren't great, except for a few of them like our main lead who carries the whole movie (as it should be), yet I wish they would have developed the rest of the family a little more or at least in a better way. 

The movie opens with exposition, as many modern Pixar movies do, I remember ""Moana"" doing this too, it doesn't bother me that much, I know that there's a lot to explain and to establish, so I just go along with it until it stops giving us information and tries to have actual scenes, when we get to them they are worth it. While I do like movie I will say it hits all the story beats a movie like this would, its not original, its quite predictable and melodramatic at points, but its effective, for whatever flaws it may have, never do they break the mood and they feel somewhat insignificant when compared to the wonders the film offers. The themes and subjects it plays with are familiar to me, physical death isn't the worst thing awaiting man and the pursuit of a dream will take away part of you. 

I was predicting where it would go and I was also awaiting for an specific moment to come, as I knew that it will be executed perfectly, and it was. I had a good time watching this, when its not being good its about as average as you can get, that goes to show how superior Pixar is to the rest, when they are not being exceptional they on the same level as their competition.",MonsterVision99,
Masterpiece!,"Pixar and Disney, managed to cover in the most masterful way the Mexican custom of the Day of the Dead, a cinematic experience that the world deserves to see to better understand one of the most famous Mexican traditions of this planet. This film is an offering to the Mexican people and a sort of reconciliation between Mexico and the United States.",elioche,
Brilliant,"An Outstanding movie made by Pixar. I never felt so much emotion since after watching Toy Story 3. A lot of creativity was put into this film and I love the Mexican culture brilliantly portrayed in the film.

Coco is about family and life. A well written story with a surprising twist at the end which interests the audience to watch what happens next. 

Spectacular",nirazoo,
Let's Make Halloween a Two-Day Holiday,"We all (Sienna, Sebastian, and Paul) rated it an 8 (In English and Spanish!)",BabelAlexandria,
It really is as good as they say!,"Coco is a very special Pixar film. Just a very special film in general Pixar or otherwise.

The central theme of this film is family, and it is explored in such a beautiful and poignant way. The plot is so meaningful and emotional, while keeping that typical Pixar charm and joy. It moves along at a great pace and always has something going on.

We are treated to a great selection of characters, all of whom are voiced and acted impeccably.

The theme and setting of this film is also so fantastic. The concept of the afterlife is explored perfectly, and has so much imagination and wonder in it. The culture of Mexico is so wonderfully explored. Plenty to enjoy for kids and adults alike.

It's worth noting as well that the colour in this film is spectacular. It is beautiful to look at and the direction and animation are faultless.

The setting of the film also gives us a brilliant score which is a joy to listen to. Everything about this film just clicks and works perfectly.

Added to all of this is the hugely emotional ending of this film which brought me to tears! A great and heart warming ending to a fantastic film.

Sensational!",ethanbresnett,
A Celebration of a Living Culture for the Dead (Might Be Too Hard an Act To Follow for Pixar),"Coco is the 19th feature movie produced under the banner of the trailblazing Pixar Animation Studios and is another resounding triumph for critics and audiences alike. The four reasons that makes it so are the setting of the story, the use of original songs, the quality of the animation itself, and for telling a story with morals.

The story takes place in Mexico during the celebration of the Day of the Dead when people commemorate and pay their respects to their departed ones. There are a lot of points in Mexico's culture that the writers could have chosen but choosing this colorful setting for the story really gives the movie a strong base for something fresh and original to build on with the other aspects. 
A significant aspect of the movie that is predetermined by the setting are the songs used. For the lot of movies produced by Pixar, you can note their use of original songs and how they impact much of the storytelling. With Coco, the songs feature a Mexican style for sound which adds to the movie's cultural flair. The one entitled ""Remember Me"" which won for the film the Academy Award for Best Original Song is one that will stay with you long after watching the film for sheer emotion.

Coco is also an exhibition of Pixar's finest work in animation yet. Each part is a testament of the effort to capture the essence of Mexico's culture and to strike balance between expressionist artistry and capturing real life. The move manages to give a feeling of other-wordliness and at the same time almost a fluid realism.

Last but not the least, if people won't buy the movie's achievements in the technical department, it would still be a triumph for the story it tells, a cross section of a vast culture that's seldom fleshed out entirely which focus on music and family. You may have caught a glimpse of the Day of the Dead in the opening sequence of the last Bond movie, Spectre and you may have thought that George Romero's zombie film of the same name is about it. But it is in this movie that the Mexican Celebration gets into spotlight on its own for the world to see. As one from another country, I applaud the makers for telling the story in the most artistic way they can without compromising the importance of the story's morals thus, continuing the Pixar tradition of responsible entertainment. Truly, it is a story that can deeply affect the audience and make the world a better place.

Given that Coco excels in a lot of departments, it has downside. Despite telling a story in a unique setting, venturing to another country and showcasing another culture, some of the plot devices that drove the story have already been used in the previous Pixar Movies, that if you are one that follows closely their output you would immediately notice some scenes are play out very similar to the ones in Monsters Inc, Inside Out, Up, and Toy Story 2. Now, the makers could argue that this could be a form of Homage or a technique to imprint their signature but one can't help being alarmed about a possible diminishing of original ideas from the company that brought us out-of-the box, revolutionary animated tales such as Wall-E, Up, and the Toy Story Trilogy that captured our imagination. 

Though at this point Pixar seemed to have set the bar too high for itself with its latest effort, their recent outputs all together are beginning to show a formulaic approach to storytelling with frequent self-referencing and also resorting to release sequels to their originals which is not bad at all but as a moviegoer you crave something new especially with the talents and resources Pixar has. 

With the many accomplishments the creators have garnered with this noteworthy movie, it is good to hope that they will be able to create more imaginative, original, culturally diverse movies in the future.",BuddyBoy60,
Must see,"In the begining I want expecting the movie will be OK, but Pixar done a great great work. Funny moments, tears, laugh all combined in this movie. Plus this is not for kids, adults can find something from this movie. Dont think twice and watch. You can thank yourself later to spend your free time. Go pixar go!",sadrazam-29340,2018-05-01
This is an enjoyable animated film for younger children,"Coco (2017) 
This is an animated fantasy adventure film produced by Pixar. It follows a 12-year-old boy named Miguel Rivera, who is accidentally transported to the land of the dead, where he seeks the help of his deceased musician great-great-grandfather to return him to his family among the living. It became the highest-grossing film of all-time in the country. It has grossed over $714 million worldwide. The film received praise for its animation, vocal performances, musical score, songs, emotional story and respect to Mexican culture. It has earned numerous accolades. This is an enjoyable animated film for younger children. Still, it's a little lacking in hidden adult comedy you expect.",johnny-burgundy,
Criminally abusive family learns nothing,"Coco

This movie is 7 years old, so spoilers are to be expected.

A cute movie that focuses on the Day of the Dead, Coco explores the idea that family is the most important thing in the world. Unless you wish to pursue your dreams against the will of a tyrannical matriarch, and then you're physically and emotionally abused.

Miguel wishes to be a musician. But his great great grandfather pursued his dreams leading to his wife and daughter to fend for themselves. It doesn't seem to matter that he died before he could return.

Flash forward to the present where we see Miguel concealing his dreams because the rest of the family doesn't care about independent thought. He has to run away, which I cheered for, so that he could explore what it's like to perform. However, due to an unexplained phenomenon, he ends up the only living person in the land of the dead.

This film then explores the concept that, over time, people become forgotten. The idea that, without photography, a person won't be remembered is a bit shaky. What about those people that existed before that invention? I guess they're all forgotten, and the land of the dead should be a lot less populated. I find it nice that, in order to remember Coco's father, it is music that brings an old woman back to life.

I enjoyed the music. I enjoyed the visuals, as always, due to Pixar's attention to detail. I did not enjoy the abuse of ""family"". My friends who grew up in this culture say it is completely normal. That is the saddest thing I've ever heard. Withholding love to mold a child to their whims is so abusive, and will lead one to therapy for years.

The sudden change back to a family that enjoys music, when the dozens of them hated it before, is lazy writing. The far superior Encanto explores these themes in a much better way, without the need for random abuse masked as love.

Again, I found it cute due to the bond that Miguel shares with Hector, and the explanation of family remembering you is paramount. But the real life family is such crap, it really drags the movie down. And the characterization of everyone, except Miguel and Hector, was not done well.

It's worth it for the land of the dead sequence and music, but the rest of this movie can be skipped. Go see Encanto instead. You won't be hit with a shoe by narcissistic women.",malmevik77,
What a movie!,"There is absolutely everything in this for everyone. Laughs, life lessons, crying. Its all there. This is what happens when Disney get it so right. I cry every single time. The music is amazing throughout. Just perfect.",naomimuldrew27,
Great movie,This is a great movie because it has a lot of elements to make it good. So first off the animation is great. Second off the story line is really good and the journey the characters need to go through to get to their final goal is great. Also the characters are really good and feel realistic and have good interactions with each other. This story is also very unique because it has a whole new interesting world to explore and I have not seen anything like this world before. Last off the villain is kinda weak but they don't really focus on them instead they focus on the journey which is a good thing. So in the end this is a great movie and I recommend it to anyone.,SquiffyRecord,
This movie makes me cry every time!,"This is one of my favorite movies and every time I see this movie, I tear up thinking about my family and it makes me feel like this movie is underappreciated everytime! 11/10 rating for me for sure.",kaushik_rulz,
i love it,10 out of 10. Loved this movie so much. It a was so amazing how it started and how it when all the wayt hrough t movie. Truely a 10 outta 10 i htink eveyrone in the whole world should watch this movie because personally it has ot be one of my favorite movies because it was just so amazing and i think that everyone in the whole world should watch it just because its my favorite 10 out of 10. I am not exactly sure what else to say about the movie because it was just such an amazing movie from the frist time i watched it to the mutiple times i watched it after that. The last time watching it being yesterdat and it was just so amzing.,superstar23104,
Los Hermanos Dinamita,"Disney & Pixar did a great colab on this movie. Hard work paid off. They didn't sell cheap thrills at all. Beyond the great animation we can all agree on, there's this story that keeps everything alive until the end and which also teaches you something about the Mexican culture and their way of living. It truly deserved the Oscars. Go on an adventure through surreal realms! Be ready to be amazed!",mihai_chindris,
Best Disney film ever,"This film is so lovely.

The importance of love, family and truth are depicted. Have a chance to learn a Mexican culture.

Good movie to watch with the family.

So colorful real like animations with great sounds.

I love it.",drwaiyanhtet,
"""Family movie"" takes on a whole new meaning. Also, stay until the final credits!","I saw this movie at a special screening at Pixar Studios in Emeryville, CA. What an experience for the heart, mind and sou!

We generally think of family films as those aimed at children, that happen to be enjoyable enough for adults. Coco, however, will be as much a hit in nursing homes as it'll be among grade-schoolers, who will laugh and cry in equal parts as the people at my screening did. It's about a family, a multi-generational family living together. I won't spoil anything, but I wish I'd been as good a great-grandson as the boy in this story.

Here are my six takeaways from the morning after. I'm sure more will come to mind in the coming days and weeks, because it definitely deserves a second or third view:

1. The story is probably the most rich, complex and well-written narrative I've seen in an animated film. It breaks into, and surpasses, some worthy live-action screenplays. Pixar should start campaigning for a Best Original Screenplay nomination in my opinion. 

2. The animation and production design are as expected, first-class. There are feast-for-your eyes visuals in the creation of imaginary places and characters, but what most impressed me was the everyday places and people, and how they filled them with cinematic wonder and color. Note: everyone I was with agreed that the detail of the titular character of Coco was unlike anything we've ever seen in animation.

3. I'm a guitar player, and I can say with certainty that this is the first time I've seen animated characters correctly playing the instrument. Even in live-action movies this is not always the case, but in Coco it's obvious the filmmakers captured real guitarists playing note-for-note what you hear in the music.

4. All the research and consulting into Mexican culture/sociology has paid off. To the rest of us the movie seems very respectful of family dynamics and the Día de los Muertos celebration. But the best proof lies in Mexico: since its release (which was one month before it appears everywhere else) it has become the highest-grossing movie in Mexican box-office history. After the screening I read that many of the minor characters were drawn as an homage to legendary Mexican entertainers.

5. The filmmakers created a good balance between the characters' use of English and Spanish, as well as in the visuals (streets and shop signs, etc.). English-speaking audiences will understand the plot, while learning some vernacular in the process.

6. Stay until the last credits roll! The filmmakers added a heartwarming segment at the very end. You'll be glad you stayed.

Here in the US it's being released around Thanksgiving, and just like Saving Private Ryan made us respect The Greatest Generation, this movie will make you want to hug and kiss all your elders at the table.",SanFranciscoCinephile,
I must be one of the few...,"... that doesn't really like this movie. I find the grandmother to be annoying and Coco to be cloying.

And the visual joke goes on and on yet grows no less macabre.

May the Santos forgive me.",quackzy,
Great movie,"Disney Pixar. I must say its one of there best movies i've seen in the past few years. Great story, at first i was a bit worried about how the skulls and skeletons would look in such a movie. I must say, they did great and i immediately fell in love with the characters. The movie makes you feel you are really in it and ofcourse the end is always a happy end.",kajvanzanten,2018-05-03
"Didn't Connect with ""Coco""","I have to admit that ""Coco"" left me a little bit cold.

It's got dazzling and colorful animation, and it brilliantly brings to life the land of the dead. It's also refreshing to see a high-profile animated film focused on a people and a culture (in this case Mexico and specifically its celebration of the Day of the Dead) that aren't traditionally represented in mainstream movies. But the story just didn't connect with me the way the best Pixar movies (like ""Wall-E"" and ""Toy Story 3"") do. I knew when I was supposed to cry, but I wasn't sad enough to. I'm not at all religious and I don't believe in an afterlife or think about the dead in the same way this film obviously does, so maybe that explains my rather indifferent reaction to it when others seem to be responding so strongly to it.

Grade: B",evanston_dad,
"Mediocre, overrated, formulaic","I honestly don't understand all of the ecstatic reviews for this movie. A predictable, sentimental, feel-good script that panders to its audience. Nothing to see here -- move along.",whollycow,
"Amazing, Wonderful, Brilliant!!","It's just a fantastic animation film with a brilliant story, characters, animation, writing, music...well everything.
I cried during the movie two times it's that good.",venkat-10066,
Prepare to cry,This was such a nice and beautiful film. Not only the visuals but the story itself it will keep you engaged. Plus I cried badly near the end. And I was not even sure if they were sad tears or happy tears.,ritalemon,2022-05-05
I Wrote An Essay On This Movie,I Wrote An Essay On This Film Because The Story Really Changed My Life Inside-Out!,daniletshazibane,
BEST ANIMATED MOVIE EVER!!!,"Everyone must watch this movie. You will never forget this. If you haven't watched COCO yet, leave all other movies or series and watch this movie first. It will make your day feel satisfied than ever. I watched this movie after looking at its rating. But after watching this movie, I felt like this worth more rating. I am a little bit sad because this wasn't dubbed in my mother tongue Telugu. Please do not be fooled by others if they say it doesn't worth watching. It worths watching more than any movie. My suggestion is to watch this movie alone and don't let your emotions stop coming out of your heart. It's Fantastic.",jaswanthtangudu,
Representation Done Right!,"So, lets call out the obvious. The storyline was beautiful and touching, the animation was phenomenal, and the cinematography was stunning. Huge credit to everyone who really made this movie special. However, credit must be given to the people who did their research into the Mexican culture. What I really loved was the fact that they didn't under or over represent the culture. Meaning, they put in just enough detail to nearly perfectly represent the culture! I loved this film!",martianstudiofilms,
Im awestruck...,I heard it was a decent animated movie but I was blown away. The world was phenomenal and the characters were moving. I dont remember the last time i was this invested in a movie. I am not one to cry when it comes to movies but this one moves me like no other. I felt a deep connection with all the characters and was cheering for them the entire time. The reveals were amazing and well thought out. Definitely going down as one of my favorite animated films of all time.,rjakupca,
Overrated and cliché,"Let me start with the conclusion. This movie is overrated and cliché. Here's why. First of all, the movie uses a typical American Hollywood formula. Introduction character, introduction problem, introduction second character / sidekick, problem solving seems to be getting progress, plot twist, opposition (bad guy or whatever) gets the upper hand, main charecter saves the day and then the movie ends. 
This doesn't necessarily have to be a problem but this movie basically felt like two long cartoon episodes stuck together. In the past there are several TV show episodes where someone gets stuck in the realm of the dead on the Mexican holiday dia los muertos. One can ask how original it still is. You combine that with characters that aren't too interesting - it even has the typical seemingly useless animal sidekick that plays a minor role - and a plot that's predictable and one can understand why I can't possibly consider this movie to be a classic. 
Don't get me wrong though. I still enjoyed this movie somewhat, although that was mainly because it's of its highly polished animation and the presence of a good 'vibe'. The music definitely helped with that.

Summary:
Not original story;Typical movie formula;A bit predicatable;+ Highly polished animation;
+ Good vibe.",metalgear800,
A visually stunning and emotionally satisfying animation.,"""Coco"" is Pixar's latest entry to the canon of memorable animation and centers on young Miguel and his quest to find someone in the land of the dead. Passionate about music, he discovers his fire and learns who he is and where he comes from amidst this creative and fascinating world. With stunning visuals and a heartwarming story, this film stands as the year's best in animation (which stands pretty far from the rest of the year's mediocre attempts). 

Despite an abysmal accompanying short film, ""Olaf's Frozen Adventure,"" ""Coco"" does indeed leave its audience feeling optimistic and emotionally touched. The story is engaging form start to finish and takes many unexpected turns that deviate from a preconceived notion of the story from the limited trailers available. This makes the film overall feel fresh and original, despite the themes being repeatedly used before. 

As expected from Pixar, animation quality is top notch with breathtaking and intricate layers of meticulous detail and attention. It's no wonder this was a massive animated undertaking which feels like a real treat considering much of the animation released this year has been subpar at best. Every frame is delicately cared for which makes the experience that much richer.

Another element many will be pleased with is the film's balance of subject matter and themes. This however, was a part lacking in my view. Its themes handle one's relationship to family contrasted with one's passion and desire which make conflict with the former. By asking a strong question from the beginning, ""Which takes precedence, family, or career?"" we are given something powerful to think and ponder throughout the film. However, this is answered but never truly explored during the second act. This felt like not only a missed opportunity but a steal away from the themes being fully explored and consequently, the payoff feeling justified. 

""Coco"" through and through is quite enjoyable with a positive message for younger viewers. Despite my personal problems with the film, I would easily see it again and recommend it to practically everyone I know. It's memorable, fun, and very sincere in it's execution.",tyson-hunsaker,
A beautiful portrayal of Mexican culture,"What attracted me most to this film was its dedication to the accuracy of all the cultural aspects of Mexico it depicts. It is extremely respectful and beautifully shows the beliefs which are so important to Mexico. The story is sweet, poignant, and exciting. I cried at the end. Good tears.",galeforce-94982,
go see this!,"Pre-theater me: I'm sure it's a good movie but honestly I don't care enough to see in theaters...""The Disaster Artist"" is playing right nearby, I mean...

 Post-theater me: Why the F*CK do I have to be so wrong all the time?!?!

 ""Coco"" is the peak of heartfelt Pixar animation with plenty of beautiful animation, colorful visual flare, amusing, but mostly innocent comedy, and genuinely heavy emotional baggage. I'm extremely impressed with Pixar's ability to make films that focus on very difficult and real issues in a way that is entertaining, funny, and powerful enough to appeal to viewers all across the board. I do not want to give ANYTHING else away other than this simple message: GO SEE THIS MOVIE!!! And SEE IT NOW!!!",framptonhollis,
Why is this popular?,"I am genuinely confused as to why this movie is so highly praised. All it has going of it is nice animation and a story focusing on The Day Of The Dead. Take that away and what do you have?

-A boring, cliched, predictable, formulaic, unoriginal story. 

-A terrible script. 

-Some overused and forgettable songs. 

-Some of the most boring and cringeworthy scenes that I've ever seen. 

-Cliched characters.

-Some of the worst tropes you could possibly put into your movie unless you are planning on making it comedic (South Park did the ""villain rants on about plan onstage and they think only the protagonists hear them but a protagonist turns on a microphone so that everyone can hear them"" in S13 E1 ""The Ring"" back in 2009 and it was way more entertaining and nowhere near as cringeworthy as its done in this movie's painfully boring finale). I'm just using this scene as an example. Honestly EVERYTHING in this movie has been done better by something else before. It is painfully bland and unoriginal. 

This movie is so cliched and predictable and boring and uninspired and stupid that I can't recommend it. What child would stay awake during the runtime? What adult wouldn't get bored ten minutes in? I only watched it due to all the praise it got, and spent the whole runtime wondering where it was coming from.

If this movie was more focused on The Day Of The Dead, and everyone's motives made more sense, then this movie would've been much better. The whole family hating music because of a musician leaving is a bit ridiculous, even though the movie tries to present it seriously. There is barely any tension because every time a character is in ""danger"" you know there is going to be some kind of ex machina that's going to show up and save them.

Overall I wouldn't recommend this movie unless you want to take a nap.",invisibleunicornninja,2018-05-06
So heart touching,"Best animation movie ever and if you are a person who hasn't watched it yet, trust me it's a must watch movie.you will learn so much of the important of family for sure 💯💯",isurupraveen,
Great for Spanish Learners,Amazing movie to learn Spanish from. I listen to the soundtrack every day,speedyshortcut,
A Must-Watch!,"Coco tells the story of a Mexican family against music, and their young boy Miguel born to sing. The topics of this movie are portrayed outstandingly. The message of family importance is conveyed so convincingly that I believe the movie to be of great importance.

Some scenes make me so emotional that I cry over and over again, but that does not take away the beauty and magic.

If you have not watched this yet, I tell you you should change this!! It is recommendable to both old and young audiences and should also be watched with children if possible!

The values this movie teaches are truly fantastic and must be carried on.",sezahp,
The only bad thing is how much it made me cry!,"Pixar has proven that means quality, so it's not surprise how good this movie is. But this one is specially amazing from start to finish. A genius work. One of the best movies I've ever seen.

The designs are amazing, the use of colour gorgeus. The way the movie talks about death is incredibly smart and emotional. The story has an interesting structure, giving clues and surprises to end with all the truth in the end.

Last thing. For a movie with musical parts, it's really important to have quality in that aspect. And I feel often, the praises these movies are undeserved. But with this one, the songs get better and better one after the other, to end it all with the most perfect song possible, not only for the scene and this particular story, but also thematically and with the incredible quality of the melody and singing.",educallejero,2020-05-26
