title,username,date,review_text
Endgame,0U,2020-02-15,"There isn't too much in the way of suspense or surprises when it comes to the story, but there are some shocking moments and funny lines in this epic finale. Again, like many of the best Marvel films, the holes and flaws are covered up with humor and fan service, making everything okay. That being said, I did prefer Infinity War to this film, which really misses the leads of the other Marvel franchises that were ""snapped"" out. Overall, however, there are only a few ways you can wrap up the main story of the MCU, and this was a solid direction."
The zenith of the MCU franchise.,vert2712,2019-04-24,"I feel like I'm wasting my time writing down my thoughts about Avengers: Endgame, because nothing I (or any critic) could say about it would ever dissuade a prospective viewer from seeing it. But after having had the chance to watch it at a preview screening, I can't help but say a few spoiler-free words.

I'm not your average fanboy -- most long-running franchises have bored me at this point, and I couldn't care less about the newest Star Wars episode or whether there will be another film set in the Harry Potter universe.

But Marvel films have been consistently watchable, with many solid entries and a few great ones (Winter Soldier, Ragnarok, the first Guardians of the Galaxy among others). And after Infinity War ended with a cliffhanger, I was looking forward to the conclusion. Boy, was I not disappointed!

Very few highly-anticipated movies live up to the hype, but Avengers: Endgame is one of them. It's the perfect follow up to Infinity War, and the absolute zenith of the Marvel franchise. It's hard to see how they'll be able to top this one.

It's surprisingly inventive (even when you know where the story is headed, the plot takes a few tangents getting there), emotionally engaging (a few people were crying in the theater) and surprisingly funny (this is probably the most I've laughed in a Marvel film since Thor: Ragnarok). Visually speaking, it's a true spectacle (topping Infinity War in the 'epic battle' stakes), and even though it's three hours long, it doesn't feel bloated. The only times I glanced at my watch was because I was hoping there would be more time before the end.

Yes, it's a superhero movie, but an immensely entertaining one (especially for fans who have seen all the pictures that came before it: there are tons of references and inside jokes to reward the faithful).

If ""Return of the King"" managed to win Best picture at the 2003 Oscars Avengers: Endgame deserves at least a nomination. It's as good (and in many ways better) a conclusion to a fantasy/genre series as the Peter Jackson film,.

Go see it."
They had no right to do that,ritchiep-56574,2019-04-26,"First review from me. This film deserves it. A superhero film, marvel or not, does not have the right to send me on the emotional rollercoaster that End Game did. It has no right to do what it did, paying tribute to 10 years of films whilst changing the rules as to what a superhero film should be.

I laughed, lots.
I cried, lots.
I cheered (quietly and internally of course), lots
I even punched the air in a ""go on!"" during one scene

I can honestly say, no film has ever moved me like that. Hours later, my heart was still pounding, the adrenaline still flowing from this epic piece of film making.

Made by fans, for fans. Are there flaws? Yes. If you over think the story of course there is. But it works. It flows. It fits.

Go with it. Enjoy the ride.

Soak up every second, it doesn't feel like 3 hours, it feels like a flow of story reaching a conclusion that will shock and move you.

I have nothing else to say.

10/10. Well done Russo brothers. Well done!

Fans! Assemble!"
Crazy in every sense,davyjones-636363,2021-11-26,"This film is an emotional rollercoaster with some of the coolest superhero plot lines ever drawn up. It's straight up the most epic Marvel film that will probably ever be created. I don't see how Marvel could ever top this, but getting to see these characters all together at least one last time was a reward all on its own."
Epic Ending,eandros-77451,2019-04-26,"Thank you Marvel, End Game is an ending that give me speechless."
Perfect ending,dhiraj-yahoo,2019-05-08,"After watching Infinity war, I was looking forward to much more this time, still a perfect ending."
Epic movie,miniminnie-23063,2021-09-25,As always avengers didn't disappoint even with a few loops or inconsistencies. Hope marvel does more movies about some characters from avengers.
The ending made all 22 movies worth it,larshoeijmans,2019-04-24,"If you're going to watch this movie, avoid any spoilers, even spoiler free reviews.
Which is why I'm not going to say anything about the movie. Not even my opinion. All I'm going to say is:

The crowd applauded 3 times during the movie, and stood up to clap their hands after. This I have never witnessed in a Dutch cinema. Dutch crowds aren't usually passionate about this. I checked the row where I was sitting, and people were crying. After the movie, I was seeing people with smudged mascara. That's all I have to say about the movie."
The End of an Era!,ahmetkozan,2019-04-25,"After Avengers Infinity War, we waited for the Avengers Endgame. We wondered how the story would go on, how our heroes would turn back, what would be the end of Thanos. Many theories related to this have been put forward. Avengers Endgame was undoubtedly the most anticipated film of recent years. Normally, the higher the expectation, the higher the probability of disappointment. But this is not the case for Endgame. Whatever you're expecting, you find much more in the film. This means that the biggest concern about the film has disappeared.

On the other hand, another comparison comes up. Is Endgame more successful than Infinity War? We can comfortably say it Avengers Infinity War is just the beginning of the story. Endgame was the finale of the story. So we shouldn't think of these two films as two separate stories. There is only one story divided into two parts.

Avengers Endgame is, above all, a great homage to the ten-year history of the Marvel Cinematic Universe. The story highlights the original Avengers team. Iron Man, Captain America, Thor, Hulk, Black Widow and Hawkeye are at the center of events. No character comes in front of them. Of course there are many characters that play an important role in the story outside the original Avengers team. Everyone's concern was that Captain Marvel, who was included in the Marvel world, overshadowed other heroes. We can say that this certainly did not happen. What is important in this struggle is not how strong you are, but how good you are. This comes to the fore in all areas. It gives good message about being a hero and a family.

Of course, Avengers Endgame has some critical aspects. For example, is the three-hour period necessary in terms of the story? It can be discussed. The head of the story moves much slower than the rest. It also drags the heroes into an emotional predicament. Then the tempo is rising and the heavy scenes we are watching are getting more meaningful. The last 45 minutes of the movie is fully action packed. But the last 45 minutes goes so fast that you don't even realize it. Action and battle scenes are really successful. There is not even a slight distress about visual effects. There are also slight logic errors in the film, but in general the story is so successful that these details become meaningless and insignificant after a certain point.

Lastly, Avengers Endgame doesn't have a movie end scene. Because after the film's final, there is no need for another scene. The Marvel legend Stan Lee appears with a small stage. But this is the last surprise scene in the Marvel Cinematic Universe. Moreover, there is no clue about Marvel's future. This makes us wonder more about Spider-Man: Far from Home. 10/10"
PLOT HOLES,ben6464,2019-05-01,"Problem with time travel is if your not careful you make the whole plot impossible to believe. End game doesn't even come close to tieing up its loose ends. The remaining avengers act selfishly and arragently to the point you want them to fail.

Thanos did nothing wrong. I hated this film."
Indulgent rubbish,stevealfieholmes,2019-05-08,"Indulgent rubbish. Do yourself a favor and just watch infinity war because this film is boring and by the end, I just did not care anymore!"
The best Marvel Superhero movie ever and also the epic conclusion to the 21 movies in the MCU,rjcattermole,2019-04-24,Avengers: Endgame is above all the best Marvel superhero movie to date. This is also the best and epic conclusion to the 21 movies in the first 10 years of the MCU. This is the epic culmination. The best storytelling ever told.
Perfection,monks_89,2019-04-24,"Unbelievable. For Marvel to pull this tour de force of a film is unreal. 21 films. 21 films culminating in the conclusion of endgame. The scope is incredible, I will only say it's definitely one of the best Marvel films out there, and there are many. I don't want to spoil anything. Watch it!"
"Action,Happiness,Sadness and pure joy!",jaacy-84600,2019-04-24,"I laughed , cried and was speechless. 3 hours well used. It was a perfect ""ending"" of the Avenger Movies.
I will watch it again and again and again. 10 points well deserved!!!"
So much potential lost ....,CriticalThinking2,2019-04-30,"After Infinity War I had huge expectations. Unfortunately I think it doesn't follow the comic book at all because they wanted some kind of closure of the story.
I saw a lot of 10 star reviews and I cannot believe the majority of people like this movie more than Infinity War.
I'm not saying it wasn't entertainment to watch but the feeling is that all heroes were forced to fit in a movie paying a big price to the story.
There are moments in the movie where the rules from all other Marvel movies are broken and characters which were build over hours of screen time were reduced in order to make space for others.
The story is average at best with big flaws."
"A decade to build, just 181-minutes to destroy......",PaceOfChange,2019-04-29,"The Russo Brothers will be forever known as the directors that failed a franchise and insulted the very fans that embraced it.

I have no idea why they felt their finished product would pay homage to Stan Lee's legacy or the characters he brought to life but this ""closure"" to a decade of greatness was, in fact, the most disappointing 3-hours of character assassination in cinematic history."
Just so disappointed!,S_QCP,2019-06-28,"I expected so much from this film but just feel so disappointed by it. A poor and incoherent story with so many contradictions within it plus a total waste of my favourite character - amongst others (like Thanos himself). I did go and rewatch it in the cinema a second time and realised that, without all the excitement and expectation I went in with the first time I was just really really bored.

It did have some nice ""moments"", especially the anticipated big fight towards the end. Some characters get a good inning - love Antman and, of course, Iron Man but this is my least favourite MCU film.

And the ending...........sigh!"
A little bit underwhelmed,Mardolin,2019-04-24,"Don't get me wrong, the movie was great, but would I watch it a second time? Probably not - until the DVD comes out.

I've seen infinity war at least 5 times, and it's one of my favorite films.

That being said, i will compare the two movies for sure, and I just disliked the pacing, it was all over the place. Some Characters felt off, and some got little to no screen time, where others had too much.

It's just too many characters for one movie, even though infinity war did it much better, with just as many characters. I just can't put my finger on it.

The fighting scenes were alright, the first half lacked action, but the second half delivered some good solid scenes, nothing groundbreaking, but fun to watch. They can't reinvent the wheel, neither do they want to. They stick to what works, and that's alright.

All in all, the movie was a close 8/10, the fanboys who give it a 10 are just blind to accept the mistakes the movie made. It's not a perfect film, even an 8 is really generous in my opinion. The Movie works with nostalgia and gives fans of the MCU the things they wanted, more or less.

Still thinking Thor 3 was the best MCU movie. Sue me."
"The most satisfying ending, just like the Russo's said.",thomasdekoning1996,2019-04-24,"This movie proves the Russo brothers are in a league of their own when it comes to closing a franchise this big. In my opinion they pulled of the most satisfying ending this story arc could have.

It's nothing without its previous 21 movies. Must watch for every movie fan."
Absolute Perfection End Game,ymyuseda,2019-04-24,"Rating 10/10
Absolute perfection end game !! Good acting performance to all the characters. Great cgi's. Truly epic & perfect ending to a long journey of marvel movie. Go see it you wont regret it !! Perfection Marvel Endgame !!"
No Justice for this Film,dummykenmen,2019-04-28,"I loved how the story of the Infinity War was conceived. With all the fight scenes and the emotional aspect of the movie, especially the end part, everything was superb. But this is supposed to be a wrap-up film. The directors and writers just destroyed it all. What's the point of doing a hype over Captain Marvel for this movie when you just give her a few minutes of screen time? It would be forgiven if you give her an amazing fight with the villain during the climax. But what have you done? With just a few kicks and punches and that's it. It doesn't give a scratch over Thano's face. What a crap!!!

You also ruin Hulk! He is supposed to be the strongest Avenger after the events of Infinity War, after all the disappointment and frustration he has experienced when Hulk won't face Thanos. But this time, he's just as good as nothing Avenger. I wonder why they did not give Thanos and Hulk a fight of a lifetime. I'm really surprised that they did not even get face-to-face when all hell breaks loose.

This movie is dubbed as an action movie but got 75% of the time talking and mumbling.

There's no justice at all to those beloved characters and this movie. You have ruined my expectations."
Worst Marvel Yet!!,sebastianjohnayres,2019-05-04,"Honestly felt like a completely different film from Avengers Infinity War. In fact the film had such a different tone from all the Marvel films before.

The characters changed, the story line was poor. Incredibly disappointing end to phase three"
Very disappointing,ravi2445,2019-05-12,"Right in the beginning, you know how the movie is going to end...the good guys are going to win. How anti-climactic that was.. The stage is not set right (half of all humanity is gone, but the enormity of that is not explored...)...when you have Thanos give his explanation as to why he did what he did, I found myself thinking - well, he actually has a point.
In the meanwhile, every single superhero is given time to fight, say some cute things, some say a few smart things, a few even manage to say profoundly philosophical statements...
The quantum physics explanations used to explain how things are done, are plainly non sense... ..they just made stuff up as they went on.
Alls well that ends well. Except we spent 3 hours to find that out."
Not very good,laughingsaint66,2019-08-02,How did I not recognize Karen Gillan as nebula !! Funny at times otherwise kinda ridiculous
Huge fan left underwhelmed!!!,james-84287,2019-04-30,I went in with the highest expectations and came out underwhelmed and disappointed. its nowhere near as good as infinity war !!!
The worst MCU film ever...,mikekutsykh,2019-04-26,Absolutely strange how they could cut so strong first part of Avengers and spoil the second one! All dialogues are weak and absurd same as a few plot lines. The last 5 minutes of the film is all-around failure!
nothing here keep on walking,patrickpink2013,2019-08-19,"3 hours out of my life I will never get back.
not worth the hype. you think the soap opera is done by the ultimate battle.
think again. let us milk it and release another spider man. geez a lou."
Really disappointed...,Snowraven69,2019-09-02,"The dumbing down of Hulk and ruining his character by turning him into an utter wimp, turning Thor into a bumbling drunkard, really? Well done Disney on ruining yet another couple of hero's characters (See Luke Skywalker and Yoda in Disney's Last Jedi for extra confirmation of this) That's all I've got to say about this movie."
Too many paradox plot holes. :(,aryonda,2019-04-30,"I cried and laughed and blah, blah, blah. CGI was great, but I can't get past all the subtext to create plot rules and then completley blow them put of the water. I can think of about 5 minutes of scenes and a slightly different way to handle the last moments of the battle that would have covered those holes. I can't believe no one said ""Hang on a minute. This wont work."""
Not sure what the hype was about?,shiz-174-875258,2019-05-04,Probably one of the worst Avengers movie to date. The plot was extremely childish and did not make sense. Completely went astray from the plot described in the comics. Very disappointed...
One cannot not like it,prarthanabackup,2024-10-29,"This movie feels more like a culmination of all the Marvel movies. A perfect closing to the MCU uptil that point. It brings back all the major characters and settings throughout the whole Marvel franchise. Talking about the movie after almost 5 years even today I get goosebumps. It marks the end of a few main characters that will literally drive any Marvel fan to tears. The plot revisits a few great Marvel moments from earlier movies literally bringing in a wave of nostalgia. The film has remarkable action, splendid visual effect, moving musical score and an even greater emotional weight. Kudos to the actors, directors, writers and the whole team for making such an awesome movie that has left a profound impact on our generation. This movie will always remain special to me."
Overrated.,Unactive12345,2021-03-25,The Most Overrated Movie Of All Time. (Will Always be the Most Overrated and most Forgettable Movie Of all Time.)
Just wow. Best superhero movie ever,ericbaez26-953-178828,2019-04-24,"Basically the title. Left me speechless. I was probably too hyped to the point of annoyance but it broke my massive expectations to the point that I'm watching it again 2 more times this weekend. It leaves you at the edge of your seat and the 3rd act is just insane and a masterpiece. Infinity War was fantastic but this is insanity, in all the right ways. The best series finale that I hoped it would be and then some."
Just 2 Word,Hama-,2020-02-09,"This Is Not A Movie,Not Cinema, This Is A Theme Park"
You're joking right?,recycledmediaz,2019-06-14,This movie was a terrible mess from start to finish.
My Childhood...,briancrules,2019-06-20,"Wow... All i can say is that the movie ended my entire childhood in the most perfect way!!
It kept you on your feet the whole way through!! Marvel somehow manages to add comedy to the most intense situations. its Awesome!! The battle scene was out of this world!! I just... wow.. Thank you marvel. I love you 3000!!!
ROBERT DOWN JUNIOR WON THE HERO OF THE YEAR AWARD THIS YEAR LAST WEEK AT THE MTV MOVIE AND TV AWARDS!!"
Not worth the hype,Random789,2019-05-13,Just a basic superhero movie. 3 hours but not much going on.
Great ending but not as good as infinity war overall,Susisgud,2019-05-05,"It's a long film at 3 hours the last one being better because this concludes the 10 year story in at great and satisfying way. The first 2 hours are build up that is ultimately paid off but I felt the middle dragged on I just wanted to get to the end. Infinity war kept me interested the whole time, more than endgame. It's definitely worth the whatch and after you don't have to worry about spoilers.8/10."
AMAZING,sophiakjaer,2022-03-10,"THE STORY IS VERY WELL BUILT
THE CHEMISTRY OF THE CHARACTERS IS GREAT

CGI IS GOOD

THE PERFORMANCE IS GOOD

IT WAS A GREAT LAST CHAPTER AFTER THIS FILM

uDIDN'T WATCH ANYTHING ABOUT MARVEL BECAUSE NOW IT JUST MAKES GARBAGE."
Most amazing movie EVER!,pobodysnerfect-90918,2019-11-03,"Don't listen to the haters, it's amazing! Seriously, this is the movie of the year!"
Epic,sahil_shah-53365,2021-12-23,"One of the best superhero movies I have ever watched.

All the actors really nailed their roles.

Especially my one and only favorite iron man.

Robert Downey Jr is irreplaceable in Iron man role."
Somehow they ruined it,portolourenco,2019-05-04,"This is my own opinion, but so many things that didn't make sense in that movie... like so much stuff that could've been utilised in a better way and so many stupid things that were put on wrong hands. The image and the graphics are really good but the plot is weak.
Emotionally I give a 9/10
Graphics I give a 9/10
Storyline I give a 3/10"
3-hour Feminist Captain Marvel Ads,saifuddinmigraso,2019-05-01,"Not the Avengers Stan Lee created.
Emasculates the heroes, and attempted to sell a new hero.
The character Stan Lee created is completely destroyed. Even the abilities are messed up.
This is not Avengers."
Just terrible!,ferdmalenfant,2019-08-02,They've really scrapped the bottom with this one! Oh so Bad!
So good,arypatel-83300,2019-04-24,"The best marvel movie ever, I cannot put into words how amazing this movie was, too good!"
A peak that will never be surpassed,berestov,2025-03-17,"It's funny to remember the reviews from 6 years ago in which someone talked about such a thing as a fan service. You see, going through some key events, meeting old versions/characters is a fanservice.

Where are these commentators now, when literally all of Marvel's +-watchable projects are filled with fanservice? The rest are just bad and uninteresting.

I don't understand any complaints. All the characters reach their peak of development and do the things they need for themselves. And the main villain manages to lose 2 times in 3 hours.

Although repeated viewings do not give the same sensations as during the cinema premiere, I have a good memory, so I don't see any point in underestimating after a while. Few films can personally give me emotions of the same level. Maybe there won't be any more of them..."
The Perfect Finale,willtownsend-59710,2019-04-24,"Avengers: Endgame is the final film to the Infinity saga in the Marvel Cinematic Universe. The story is emotional, unpredictable, unforgettable, complex and intense. The story does continue on right after infinity war had finsihed, and I thought it was a good way too start because the characters can give you an understanding of how they are feeling. How much loss they have witnessed.
During the three hour film, you care so much for the characters that it makes you want them to live through the whole time, leaving with no casualties. The acting by the cast is outstanding, none of their lines sounded cheesy. Chris Evans and Robert Downey Jr especially. The audience has never seen the two characters shine so bright and powerful over the last 11 years. The visuals are the most impressive, it is shown to be Oscar worthy and you would be hungry for more as the film continues on. The final battle was the bomb, the mother of all battles, better then Ready Player One's finale. It's so big and all of it fits in perfectly. Avengers Endgame is the perfect finale that has been set up over the last 11 years. Its a rewatchable film and you will never see the characters the same way as you have seen them from the past films."
Can we please get this off the TOP 250? Thanks,constantinejack,2019-05-01,"I think Marvel films are fine, I understand loving them I really do. Spider-Man 2 is my personal favourite, but please stop giving these movies a 10/10. Endgame is a 7 at best. It's probably the most flawed Avengers film story wise. It's popcorn fun, but it's like if we let Fast & Furious or Transformers films in the top 250. Meanwhile 2001: A Space Oddisey is lower than Infinity War."
Best Marvel Movie Ever,schmid-maximilian,2019-04-24,Just watch this epic final of the best Marvel movie ever!
Good but didn't live up,alexjwebb,2019-05-02,I was super excited to see this movie after Infinity War ended but I left rather disappointed. It was good but I felt like the first hour or so was wasted space. I did love Thor though.
Incredible,nicksokhal,2019-04-26,"No words...absolutely incredible, THE best way to end the whole series. Watching all the movies to finish with this, every single hour was worth it, hats off to Marvel 👏🏽"
Fitting End,gollwog,2019-04-24,"Despite what others may say or have said this film was far from predictable. I certainly lost my bets. I both laughed and cried during this film.
I loved every minute and none of those minutes were wasted. The writers outdid themselves on this one. I just hope the next ten years can live up to the first.
Here's hoping."
Simply great,LarsFischer1986,2019-04-24,Just watched the new Avengers-movie. It's simply fantastic and a must-watch for every Marvel-Fan. It contains everything I expected and wished for an so much more. It's hard to put in words without a spoiler. Find out by yourself and enjoy.
Truly Beautiful,andregezz,2023-08-06,"I just watched the Avengers movies and some of the infinity saga and I truly think this is a great movie, the CGI and acting were wonderful and the ending was truly a masterpiece and was probably the best ending for a movie saga (don't quote me on this). There are some low points but they are they don't effect the true rating which is a ten, this movie deservers the 8.4. Or an 8.5, I kinda have a bias. Cause i grew up with the marvel movies specifically Iron Man and stuff but the bias does not effect my rating. I live it and many others love it as well i regard this the end 0of the entire mcu from Iron Man - No Way Home, the other multiverse movies are mid and are very odd."
Sucks,leopineda-92600,2020-09-20,"Extremely overhyped movie, loved by marvel fanboys only. Its insulting to say that its the best movie ever, if that was the case, human race would have failed and we all should be killed by a meteor."
A must watch,kriscot-48548,2019-07-16,great performancesincredible visualsstory ends in a way to set worth a new generation of marvel stories/charactersperfect send off for the original actorsa must see for any marvel or superhero fan
In the list of my top 5 favourite Marvel Movies.,Marjuk_Ocean,2023-09-20,"""Avengers: Endgame"" - A Spectacular Culmination of Marvel's Cinematic Universe

Endgame is more than just a movie - it's the big, emotional payoff we'd been waiting for after over a decade of Marvel stories. From the very start, it hits you with the weight of what happened in Infinity War, but instead of rushing to the action, it takes its time, letting you feel everything.

Every character gets their moment to shine. Tony Stark's journey comes full circle in a way that's heartbreaking and perfect. Steve Rogers? His ending feels like a warm hug to everyone who followed his story from day one. And the final battle... it's pure goosebumps. Every hero you've ever cheered for charging into the fight - it's impossible not to yell at the screen.

The Russo brothers nailed the balance between epic action, gut-punch emotions, and those little bits of Marvel humor that make it all feel real. The soundtrack soars, the visuals are mind-blowing, and the crowd-pleasing moments are unforgettable.

It's not just fan service - it's the ultimate thank-you letter to the fans. Endgame doesn't just wrap up the Infinity Saga, it sends it off in the most satisfying, tear-jerking, fist-pumping way possible.

Verdict: A perfect finale. You'll laugh, cry, and probably rewatch it immediately."
Best movie I've seen in ages,bigpeas,2019-10-09,"Let me start by saying THIS is how you wrap a saga!!!!
I loved this movie, it was an emotional rollercoaster from open to close, and a fitting way to pay tribute to the legend of Stan Lee."
Excellence,cst2709,2019-04-24,"The climax that all fans deserve. Marvel still pulls out surprises that you couldn't dream of, allowing this to earn a spot anongst some of the greatest films made. The length yields an utterly satisfying scene, but honours the 11 years of the studio with the perfect ending."
What next for the MCU? Suggestions!,craigearl,2019-06-22,"Loved Endgame but with a lukewarm feeling for The Eternals and Shang Chi on the horizon, I wondered whether the MCU should make more logical choices for the next phase. Obviously there are development issues with the FF and X-Men franchises and DC's Aquaman may well scupper a potential Sub-Mariner movie, but perhaps these would work:

1) Captain Britain (we heard 'Braddock' mentioned by Peggy Carter in Endgame; Brian's father perhaps?)
2) Alpha Flight. With the Avengers having run their course, perhaps their Canadian counterparts could step up. It stands to reason that other countries would want to copy the Avengers model (I know they are the Earth's protectors but they pretty much belong to the USA).
3) Moon Knight. Although I would love to see Daredevil done right on the big screen, maybe Marc Spector could fill the void.
4) Silver Surfer. Norrin Radd was the best thing about the FF sequel. A space-based movie would give him room to soar. Look to GotG or the Ron Lim Thanos issues of Silver Surfer for inspiration.
5) Ka-Zar. Although often perceived as a Tarzan rip-off, Lord Kevin Plunder's exploits could open up a whole new playground with the Savage Land.

I wonder if we'll look back in 10 years and see if any of these came to pass...!"
Fell at the last hurdle,mrjeffreygoymer,2019-05-15,"I watch all films with an open mind and went into this 3 hour long film without any preconceptions.

This film really let itself down. The writers completely changed some of the characters, they tried to make it funny and failed at every attempt where it was cringe worthy and boring. The story was dragged out to its limit and went on for way to long.

Don't waste your money at the cinema, maybe Google the outcome."
"Was promised a chocolate cake, turned out to be cake of manure.",0maro0,2019-05-09,"Let's be clear - there was a lot of talking about this film, about how great it will be. Turned out? It was a pretty decent story about time traveling (I honestly like those). I even thought I like it, aside from some little things that don't even worth mentioning. But the ending - oh, let me talk about the ending. It is so horrible that it erased any good impression this movie could've left. I don't have the problem with how it ends, with events presented. I have the problem with how boring, non-aesthetic and amateur it was filmed. I'm furious that funeral scene turned out to be such a cheap vulgarity, such an emptiness that tries to play with viewer's emotions - and, sadly, fails. This is what the character died for? To be honored... With this? Boy, oh boy. I don't know how many people actually like this scene, but I sure do not.
Also - diversity. As a commercial product in the first place, a movie about diverse characters, well, completely non-diversed. Heteronormative, I would say, and in 2019 it is quite anachronistic. Quite obvious, of course, that the company is afraid of possible risks and profit losses - another reason to think about what good such soulless capitalistic approach can give us? From where I stand, nothing good. I don't want to be a consumer, I want to be a viewer that is not treated like a money account. Anyway, I was bitter about it just a little - after all, what can you expect from Marvel and Russos, really? They are not Taika Waititi after all (how honestly great it would be if Taika Waititi filmed all Avengers movies is story for another time), so even queer-coding isn't present. What got me furious is that Russo had the nerves to actually say they included LGBT-representation there. Leaving alone term ""LGBT-representation"" and why I have problems with this phrasing, let's see what we have here. And what we have, fellow viewers who don't enjoy tasteless similarity in their films, is a huge slap on our faces and our egos. This is what we can call a proper representation these days? I doubt it. It's so elusive I even didn't noticed it in the first place, thinking that the man could be talking about any people from his family. So, if I can read a text hermeneutically and headcanon some queer characters in there, does that mean a film has representation in it? Or, more important, does it mean director has the right to be bragging about such representation? Last one - certainly not."
A great ending to a wonderful 10 years saga.,tatbtsisb,2019-10-16,"Endgame is certainly one of its kind. A movie that will be marked as the film of this decade. Building up from Iron Man to Captain Marvel, a 10 journey filled with joy, adventure and tears. And we need a perfect ending to all of that. Endgame is the perfect ending. A movie that has everything a fan will ever dream of, an amazing cast and a wonderful climax. It is such a huge payoff from 10 years worth of building up. To look at this from a Fan's perspective, it is an awesome movie and it is a masterpiece. But to look at this from a critic's perspective, it is not the best movie. It certainly lacks some elements to a perfect movie. But this to me, is such a wonderful movie and I definitely loved it. It has everything I wanted and I'm gonna give this movie a 9/10."
Could of been more by being less,davidkog,2019-05-01,"I'm a huge fan of long slow-crawl movies (cue LOTR trilogy) but the first half of this culminating slog was way too slow and artificially melodramatic. This is in stark contrast to Infinity War's well edited, if not somewhat fractured fast paced scenes.

If anything Infinity War could of used an extra 20min of dialogue and slower pacing edited out of Endgame. In the end, still a fun movie but not without obvious pacing flaws."
End game without a proper ending,shyam142012,2019-04-30,There are so many ways that the movie could have gone. But it is chosen to be this way. So the climax should not be criticised. The story is completed with no proper explanation for the rest of the avengers. Other avengers are not given importance in most of the places. Don't go to the movie if you know the spoilers. My experience has been spoiled by my friends.
Good and Entertaining Movie but Overrated.,Njrota,2019-05-07,"This was a fun movie, but it was by means no where near a 10/10. Infinity War was a much better movie to be honest. It had way better action and a better story. End Game's plot was a mess. Overall, it was an entertaining and fitting end to an era, but was by no means perfect."
These get worse!!!,sajakram,2019-06-14,I don't really know what all the hype is about. Bored watching this as it's the same again just rehashed. Glad to see the back of the Avengers to be honest.
He peed on your rug!!!,np89301,2019-05-12,"Thor's take on ""the dude"" was the best part of the movie.

Too long and sentimental

Most of the focus is on the original avengers which is good but many of the storylines were just not very exciting

I would wait to see this on video"
The Group Hug That Punched Me in the Feelings,rgpaeplrp,2025-07-05,"Okay so Avengers- Endgame is the grand finale of the Marvel saga and, not gonna lie, it hits hard. Like, it's three hours long but somehow still feels like a sprint through your entire emotional range. Sad. Epic. Kinda hilarious. Then sad again. Then Captain America does something that made everyone in my theater scream like they just saw God. The plot? The Avengers are all depressed after Thanos did his big ""Snap"" thing and wiped out half of everything. So they go on a time-travel mission that's like a Marvel highlight reel on steroids. If you've seen the other movies, it's peak nostalgia. If you haven't, good luck understanding anything. Robert Downey Jr. And Chris Evans carried the emotional weight of the universe. Tony's arc? Brutal. Cap's ending? Chef's kiss. Also, the final battle? Bonkers. Like, every single Marvel character shows up and it's chaos in the best possible way. It made a bajillion dollars, broke every record ever, and people still talk about it like it's the Super Bowl of movies. It kind of was. Would recommend - just, maybe watch the other 21 movies first or you'll be very confused and also dead inside."
"On my 10th rewatch, it's not that great after all...Lazy.",Beyondtherain,2021-03-21,Not a good film. Took me a few watches to realize.
Amazing,mrbond-99502,2020-01-10,"⭐ 10/10 RDJ u r awesome. Great performance by director, cinematographer. Actions is excellent. Dialogues are extremely good."
Pure torture,Alpharoll,2019-08-06,"I had to take several breaks, walk the dogs, play videogames and clean the house, while watching this absolutely ridiculous and nonsensical pile of rubbish and now afterwards, I'm asking myself why I put myself through such suffering. To what end. I guess I was hoping there would be one scene or at least one line that put a smile on my face or made me feel anything at all except extreme pain and boredom. There wasn't any of that unfortunately, so I just wasted three hours of my life I could have spent on basically anything else and it would have been more worth while. I can't decide which one was more painful to watch, this or Aquaman? Both equally and utterly disappointing I guess."
Avengers:Endgame historic performance,Stream2BigScreen_Movie_Reviews,2020-01-07,"Let's talk about the enormity of this film and what Marvel just accomplished.

First, this movie did not disappoint. It is very hard to contemplate a movie that will ever have as much or more anticipation than Endgame. Just think about the build up of this film. From May 2008 to April 2019, Marvel, in 21 films, introduced heroes, villains, plots, side plots, family members, love interests and countless Easter eggs that culminated into this film.

Second, in a movie full with 10+ main characters, Marvel did an unbelievable job featuring each one and staying true to the characters we've all fallen in love with. This point could easily be a thesis paper for a doctoral candidate. The development and story arcs of characters, individually and collectively, in the midst of struggle and triumph is nothing short of amazing. The attention to detail and thoughtful craftsmanship is true artwork. One knock fans may have is the forced fandom moments. We have so many beloved characters but these moments comes as certain team-up pairings during the big fight that are great but also forced and stereotypical.

Lastly, this movie is beauty in motion. Mainly, the movie looks and sounds wonderful. If there is one knock against the movie, the final fight at points was too dark for some of the characters. Otherwise, the final fight displays exactly what many of the DC movies have failed with, Hero power display. Marvel did such a great job of making you feel every punch, kick, hammer throw but also made you feel like you were in motion with each character (thus why I believe 4D would be very good). The sound editing is very good and the song selections in this movie help the viewers follow the emotional roller-coaster ride everyone believes they are in for.

Marvel created near perfection for fans (or a near perfect ending). And the ending of this movie, isn't even technically the finish to Phase 3 of their universe. That would be Spider-man: Homecoming coming soon. Phase 4 and 5 are also already in the works. Everyone that was a part of this movie and the first 3 phases should be applauded, but their work is not yet done because for those with the greatest power comes great responsibility."
Meandering badly pace and mediocre movie,lukag99,2019-04-24,"The first 50 minutes set up the movie very well but the second act lacks urgency and focus. The movie comes to a halt and feels as if it's meandering between scenes, not knowing what to do and not being very entertaining. The movie is also highly predictable and somewhat ruins Thanos's character due to a strange character decision. Iron man is given a lot to work with, which is compelling, same with Hawkeye. The ending is somewhat satisfying but also cringe. Overall it is a fine movie, not offensively bad but certainly not as good as it's predecessor."
Perfect ending for an amazing series,angelmriam,2019-04-24,"This movie past over and beyond any expectation. Don't miss watching it..... will definitely watch it again and again. ""Endgame"" The name fits perfectly.
Total respect"
awe inspiring,P97,2019-05-02,"It's every marvel fans dream come to reality, people can nip pick the time travel but that's not really a flaw because they done it right by giving the fans what they want, the movie has lot of fan services but it never hurts the plot it actually helps it and it shows how much the russo brothers cared about this universe, by time the movie ends you feel like a life time has past, the end of an era."
Not as good as infinity war,locutus-08917,2019-04-26,This film was hyped so much i couldn't wait to watch it....the film is good but i didnt get the wow factor i had when i watched infinity war.....all the trailers and the online leaks wasted the ending for me....i still love marvel movies and will go see every one that comes out but for me this was good but not as good as I/W
Everyone just calm down...,stefanvass,2019-04-26,"...and pull the hype train over.
Amazing fun, stunning spectacle great performances especially RDJ.
It's just not the whole sum of its parts.
Lots of great parts but not cohesively held.
Too much Comedy with one character essentially now just full comedy relief.
The most ridiculous coincidences and a couple of plot holes.
You will laugh, you will get gut punched and for some you will cry, but then you will wonder what really happened in that 3 hours.
Did it need 3 hours? No.
Is it better than infinity war? No.
Will you enjoy it? Definitely."
Perfection,ni-cole-andrews,2019-04-24,This movie has the absolute perfect balance of fan service and harsh moments. Lean into the tears and suspend a little disbelief. This movie is everything we needed and more than we deserved.
"Great ""ending"" to a saga",vandykeu,2019-08-17,"Endgame is a great popcorn action movie to ""finish"" a saga of popcorn action movies. This isn't serious entertainment and shouldn't be considered as such, and it reminds me of how George Lucas made Star Wars as an homage to the cheap serials like Flash Gordon. Especially as comic-sourced material, this is what the MCU is. Some part of me is actually a bit pained to like it as much as I do, given that it is just playing on base emotions to make money for a massive conglomerate like Disney.

BUT... what a great way to end several major storylines that they invested in over the past 11 years. For people who have watched the saga, I feel like this is just the cherry on the top. My only complaint is something that you can't really get away from in superhero stories: the character ""powers"" are totally inconsistent from scene to scene, and movie to movie. This is a trope that there's no getting away from, because if characters like Captain Marvel, Thor, Scarlet Witch, and Hulk were always as powerful as they show flashes of, then the story wouldn't even be a thing. Any one of them could destroy Thanos in the blink of an eye, and have done similar feats in other stories (and even in other scenes within a given story). That they sometimes ""reduce"" their power to a lower level, without an explained mechanism, is pretty laughable, and makes some parts of the story a bit nonsensical. Yes, this constant Ex Machina is needed to maintain the drama and keep the plot going, but it's still something that takes me out of the story.

What I really love about this movie, and the saga as a whole, is how good it is at developing the actual characters and their relationships. There are some similarities, but nobody is the same, and most of the arcs are believable. Thor's story, and apparent PTSD, is to me the best-done, but all of the majors (and some of the minors) are almost as good. I believed them. And for a popcorn action movie saga based on a comic series, I think that's a pretty high compliment."
Infinity War is way better!!,sergiofabian_20,2019-05-04,I didn't like the acting. Thanos doesn't seem like the badass of the first movie
A Masterpiece,michaeltong-29180,2019-08-08,"Wow there are so many troll reviews by inarticulate rubes who can't even explain their opinions.

People are entitled to their own tastes, and the super hero genre of the Marvel variety that is a pastiche of action/adventure, sci-fi, and fantasy doesn't appeal to everyone, but for what it is, for what it succeeds at being for its target audience, Avengers: Endgame is currently the benchmark as a satisfying grand finale in a cinematic universe.

There can be no doubt that Infinity War and Endgame are masterpieces. That doesn't mean they're the best movies ever made, or that they're better than other masterpieces of different genres, it just means that it succeeds in every element required of it.

The barrier of entry to The Avengers, especially the last two films, is quite high and requires someone to watch a lot of movies, and without an investment in those characters in the Marvel film that lead up to Infinity War and Endgame, a casual viewer will not care the same way a fan will. Yet that shouldn't detract from how skillfully the writers and directors manage to balance so many elements and fuse so many genres to deliver a unique piece of pop-entertainment that is full of humor, spectacle, and drama.

The Avengers is not a particularly profound franchise. It doesn't attempt to be allegorical like The Lord of The Rings, it isn't as mind-expanding as The Matrix, it isn't as mystical as the original Star Wars, nor does it make any social commentary like The Dark Knight, but it has plenty of great archetypal characters who embody different aspects and struggles with heroism. Each character plays so well off the other and the cast has so much chemistry.

No other franchise understands its characters better than Marvel, and no writers have a better grasp of heroic conflict and camaraderie than Christopher Markus and Stephen McFeely. Comparing their work in Endgame to other franchises like the DCU's Justice League or the current Star Wars is night and day.

That isn't to say Endgame is perfect. A Masterpiece doesn't have to be perfect, and most aren't. Certain elements of the plot feel rushed and loopholes are glossed over. Not all the jokes land, but most are pretty funny. Captain Marvel is way too powerful which constantly makes her a Deus Ex Machina. There are any combination of nitpicky observations I could make about parts that don't exactly make sense, but those are minor.

Admittedly, I do have a bit of Marvel fatigue after this. It almost feels like Endgame was so epic that I don't ever need to see another super hero movie again. Sure, I'll probably see the new Spider-Man, and even though I really like the films and the character, it's reaching a point of over-saturation."
Everybody's here,ansirahka,2019-11-03,"A nice conclusion to the saga, it'll give you nerd chills"
Amazing finale,ivanmessimilos,2021-11-14,"It's definitely not as strong an impression as it was on first viewing, which makes perfect sense, but I still think the film was extremely successful on multiple levels. One of the better things is that the three-hour film is not boring at any point, it seemed to me to last ""only"" two hours, which is not easy to achieve. I also look at this film as the finale or the last episode of a series you've been watching for years, which on the one hand is actually true. So much has happened before this film, so many characters and events. This film is just the crown of it all, one big rounded whole. It is obvious that the Russo brothers had a plan because it is obvious that they paid attention to details and some smaller moments that real fans will easily recognize. Of course I have some objections that are related to certain characters and some scenes, but given the type of film and how much the film offers, I can just get over it and forget about it. I think this Marvel project is unrepeatable and it's something we should appreciate no matter what you think of movies like this."
The more I think about it,thevances,2019-05-06,"Enjoyable movie that takes to long to get into the action and doesn't make any sense once you step back and think about what they've done. Even their explanations on what they were going to do, what they did do, and the final outcomes make no sense. I believe the world would be an even bigger mess when they were done, and Steve broke all the rules!"
movie,gabbymelissa,2019-11-03,Great movie i almost cried and great ending to the series of movies
"Good at times, but got boring.",ClearAllSpam,2019-04-28,"Honestly: at the 2 hour mark i was checking my watch to try and figure out how much more I had to put up with before it made sense.
The storyline was sporadic, and bounced around so much that it just got confusing and boring.
I have no intent, nor interest, to watch it again"
Made for the Fans,pmitchelluk,2019-05-05,"Nothing really happening ....Captain Marvel is in it for a bit...Black Panther was in it too, not sure why

Dramatic scenes purely over the top....just seems like they tried to fit all 5000 Avengers into this film and actually forgot about the film

3 hours, I'll never get back .......one good battle scene tho"
A good movie but not the best one,awesomeguy_92,2019-04-29,"I don't know why people are calling it the best Marvel movie till date. Come on guys did you not watched infinity war. To be honest, that was the greatest movie and this was no way near that. It has so many loopholes and extra scenes, I don't know what Russo brothers were thinking. It got lucky just because of all the buildup that the previous movies made, otherwise it would have end up just like justice league."
One of A kind,kwesipaa-80807,2019-11-05,Avengers endgame is one of a kind well done Marvel studios
3 hours just flew by,smith-c57,2019-04-25,"Absolutely loved it, every character gets a good chunk of screen time and they all use it to full effect, its laugh out loud funny at times, really touching at times."
EXCELSIOR,govindcrz,2019-04-26,"The culmination of the infinity saga,this movie is going down in history as one of its kind. MIND-BLOWING MASTERPIECE.Words can't describe the grandiosity of this film. Worth watching more than once."
Avengers: Endgame (2019),rockman182,2019-04-26,"The Marvel Cinematic Universe comes to a point where a film feels like an actual event. We have been waiting in anticipation for a year to see the final showdown that started in Infinity War. Actually, scratch that. The entire Infinity Saga started way back with Iron Man. 22 films, countless number of heroes coming together in the culminating battle against Thanos. So much anticipation, ticketing app crashes, and going through so much to try to see this on opening night. Now here we are. Does Avengers: Endgame live up to its high expectations? Absolutely. I felt like it was unique and carries the most emotional weight off anything in this universe but it absolutely serves its fans who have been loyal for years and years.

The film takes place three weeks after the end of Infinity War. Half of the worlds population have been wiped out by Thanos and now the remaining Avengers (who just so happen to consist summarily of the original Avengers) must find a way to not only defeat Thanos, but also avenge the fallen and find a way to counteract the actions that occurred at the end of Infinity War. As expected the film stars a gigantic cast of Hollywood's best and watch out for the cameos from heroes who have appeared previously in the Marvel Cinematic Universe.

I really would like to talk about this film in a spoiler review but as with every review on my site, there will be no spoilers. I will say that this film has a unique take almost immediately. The humor and banter is still there as it always is and the character arcs are as fantastic as ever at its near completion. The film carries the most emotional weight as anything this universe has seen. The film has so much fan service. I think if you go early on and with a packed crowd of fans you will see just how much this means to the audience who have stayed loyal to this saga.

There were laughs, there were cheers, there were gasps, and yes there were tears. The film feels like it should be the very last that the MCU has to offer but of course we know there are Spider-Man and Black Panther sequels coming. The final battle brings just about everything you could hope for. If you're a fan of the series I think you will enjoy this film as it makes a case of being the best Avengers film. It goes hand in hand with Infinity War, of course both films were shot together.

Members of the original Avengers put on performances that do their characters the utmost justice after being on this journey for a decade. The film builds up quite slowly but once the plot takes form and the battle lines are drawn it delivers in the way the Russo brothers know how to. Th action is there, and all of what makes the Marvel Universe such a sweeping phenomenon is always there. Some characters could get more screen time, sure. You have to remember that there are so many characters that the film has to juggle and it does that admirably as it is.

The film will be a box office hit for sure and will be well reviewed in regards to the Universe as I can already see. I will be seeing this again tomorrow morning and have the same excitement going into a second viewing as I did my first. I found this to be a very special entry and feel like it ties up so much in such a perfect fashion. If you are a fan of superhero fans you need to see this as soon as possible and should do..

Whatever it takes.

9/10"
Every single moment is unexpected,The-Becoming,2019-04-24,"Everyone shines in this movie. Directed to the fans of these 10 last years of Marvel movies. A thank you, beautiful, tragic, fun. The emotion stills my words just after seeing the movie. Have to see it twice again to do it justice."
Cannot see what the fuss is about,charlotteherbert-54734,2019-05-07,"It's long winded...easily could be half the 3 hours.... Superhero movies are about battles and heroes...not crying and moaning. Watching iron Man wimper off was such a let down. After watching every avenger movie, I am so disappointed. Only 1 good battle, and it's over too quickly. So so so disappointed...I'd take any other avenger movie over this one."
An end to rule all ends.,marta-20240,2019-04-24,"Definitely not as good as its predecessor but one to be conjured with nevertheless.
The movie starts a bit slower than all MCU movies before it and it takes its precious time to get the action going, but once it does, its all forgiven and forgotten.
Although predictable, because let's face it, where could they go after Infinity Wars? It delivers on all fronts!
There were tears and laughter throughout the 3 hr long feature. The tears yanked out of you by Ant Man, Stark, Cap and Hawkeye and the laughter mainly by Thor who surprised everybody with his transformation, but also by Hulk/Banner who found a peaceful way to co-exist.
There were cameos sprinkled throughout the whole length of the movie, some very emotional, like Agent Carter, who actually didn't have to say a single word to get the tears flowing.
They tied up all the loose ends, revisited some great scenes from past beloved movies and, thankfully, did not give all the glory to insipid Captain Marvel, who despite being the most powerful of all the Avengers, delivers quite a forgettable performance.
There are some key characters who will definitely not be coming back, but there is still plenty left for future plots. Although it will feel a lot less exciting with some of the most beloved characters absent from now on.

All considered, a very good movie to end it all, one that you may want to watch it again to take it all in as I will be doing. Well done to all involved and a great big thank you for such a ride that spanned for over 10 years."
Most Beautiful Marvel Movie.,mahardikaitokid,2019-04-24,"Just watch it by yourself. This movie has more deep story, and will mix all your feelings as well. Thanks god nowadays kid has a great role model for them and thanks god that i was born into this era when this Comic Book Movie exist."
Epic.. yes! Phenomenal.. Yes! Amazing.. yes! But better from infinity war? Don't think so!,antonygogo,2020-01-12,This movie was really good. I remember my self screaming at the movies sooooo bad along with every other fan! I watched this movie 2 times at the cinema! It was something else! But still something was missing! I don't know what but I gotta say that infinity war was superior! At least for me!
Ignore the negative reviews,aka-12377,2019-12-02,They are unhappy. Instead of movies bringing joy in their lives they just want their life problems spill over to others. Don't fall for it. This is a good movie.
BETTER THAN EVERY SEQUEL,atikainu,2024-08-30,"The sheer scale of Endgame is both its greatest strength and its most significant weakness. On one hand, the film is an epic, three-hour-long spectacle that offers a rollercoaster of emotions-grief, hope, nostalgia, and triumph. The final battle scene, where all the heroes unite against Thanos, is a jaw-dropping, cheer-inducing moment that's destined to be iconic. The visual effects are top-notch, and the action sequences are choreographed with meticulous precision.

On the other hand, the movie's scale can make it feel bloated and unwieldy. With so many characters and storylines to juggle, not all of them get the attention they deserve. Some heroes, like Captain Marvel, are underutilized, while others, like Thor, receive arcs that are divisive among fans. Thor's transformation into a depressed, beer-guzzling shadow of his former self is played for laughs but also feels like a disservice to his character development in previous films.

The time-travel plot is another area where Endgame falters. While it allows for some fantastic callbacks to earlier films and provides a clever way to undo the events of Infinity War, it also introduces a host of logical inconsistencies. The film's explanation of time travel is murky at best, and the rules seem to change whenever it's convenient for the plot. This lack of clarity can be frustrating, especially for viewers who prefer a more coherent narrative structure."
